1,央视 新闻报道 索尼 即将 破产 ， 但是 索尼 官方 立马 澄清 了 谣言 。 。 。 央视 这 是 唱 的 哪 一出 ？
1,【 豆腐 能 卖肉 价钱 】 今日 资兴市 交警大队 几协警 未开 单据 就 扣 走 一台 价只 千元 的 旧 摩托 ， 赎车 时 粗算 罚款 保险 得花 二千 来 块钱 。 纳闷 ， 豆腐 岂能 卖 肉价 ？ 后 发现 交警队 内有 个 卖 旧车 的 小店 ， 恍然大悟 ！ 原来 你 不 赎 它 就 卖 。 祝 陈江 警官 ， 生意兴隆 、 财源 广进 ！ @ 御史 在 途   @ 郴州市 交通警察 支队
0,【 消息 称 蜀中 制药 涉嫌 用 苹果皮 做 板蓝根 以降 成本 】 蜀中 制药 涉嫌 用 苹果皮 制作 板蓝根 ， 以 降低成本 。 该 公司 一位 文姓 副总 证实 了 以上 消息 ， 称 目前 已 停产 1 个 多月 ， 最终 处理结果 要 等 省 药监局 的 正式 文件 。 蜀中 制药 缔造者 安好 义 曾 表示 ， 金杯 银杯 不如 老百姓 的 口碑 ， 只 做 老百姓 买得起 的 放心 药 ！ http : / / t . cn / he1Zvj
0,【 曝林峰 吴千语 同居 三月   年底 厦门 完婚 】 据港媒 报道 ， 林峰 痴恋 吴千语 达 爆灯 程度 ， 被 网民 笑 如 中 了 “ BB 降 ” 。 近 月 ， 为 多 见 吴千语 几面 ， 有 豪宅 不住 ， 搬到 吴千语 香闺 同居 试婚 。 同居 朝夕 相对 ， 二人 更觉 难舍难离 ， 林峰终 落实 年底 厦门 摆酒 迎娶 吴千语 。 详情 ： http : / / t . cn / 8shiAbn   [ 吃惊 ] 求 真相 ！ 不过 真心 祝福 ！
0,# 微 抢发 # 【   怒 ！ 摔死 女童 惨剧 又 在 河南 重演 】 法制晚报 讯 ， 河南 林州 一 民警 ， 酗酒 后 突然 抢走 街上 一 男子 怀里 7 个 月 大 的 女婴 ， 高 高举 过 头顶 后 猛摔 在 地 。 事件 发生 后 ， 涉事 民警 仅 受到 关禁闭 15 天 的 警务 纪律 处罚 。 目前 女婴 已 住院 ， 需 进一步 观察 。     孩子 有 什么 错 ？   丧心病狂 ！
0,# 央视 快讯 # 【 浙江 安吉 ： 一架 歼 - 8 飞机 夜航 训练 时 失事 】 记者 从 空军 获悉 ， 12 月 12 日 19 时 11 分 ， 一架 歼 - 8 飞机 在 夜间 飞行 训练 时 失事 ， 飞机 坠于 浙江省 安吉县 报福镇 汤口村 一处 山头 上 ， 飞行员 牺牲 ， 地面 无 人员伤亡 。 飞机 失事 后 ， 军 地 有关 部门 迅即 组织 力量 进行 现场 搜救 和 善后处理 。
1,【 360 浏览器 盗取 淘宝 店主 佣金 ？ ！ 】 媒体 猛料 ： 用户 使用 360 浏览器 上 淘宝 ， 一些 链接 的 淘宝 客 代码 会 被 360 篡改 ， 店主 本 不该 花 的 佣金 ， 会 被 360 旗下 上海 奇泰 获得 。 “ 几天 前 的 回头客 ， 买 了 同样 的 商品 ， 居然 也 被扣 推广 费 。 ” 想起 “ 淘宝 店主 猝死 ” 的 新闻 ， 360 的 良心 呢 ？ http : / / t . cn / zle4pIW
1,请 大家 留意 以下 信息 ： “ 公安厅 发来 的 信息 ： 如果 你 收到 “ 2011 年 五一 放假 调整 通知 ” 的 网址 。 在 任何 环境 下 请 不要 打开 它 ， 且 立即 删除 它 。 如果 你 打开 了 它 ， 你 会 失去 个人电脑 上 的 一切 东西 . 这个 网址 隐藏 新 的 病毒 ， 已经 确认 了 它 的 危险性 ， 而 杀毒软件 不能 清除 它 。 他 的 目标 是 摧毁 个人电脑 。
1,毛 将军 休闲 照 。 。 。 。
1,三星 捐 了 6000W ， 恒大 2000W ， 蒙牛 1000W ， 百度 500W ， 网易 500W 。 这 TM 到底 富 了 谁 。 红十字 买 1W 的 药品 ， 却 要求 开 5W 的 发票 。 TM 到底 多少 人靠 这次 地震 发了 财 ！ CNM 有 本事 来查 我家 水表 啊
0,一个 菇 凉 私信 发来 的 。 她 昨晚 去 相亲 ， 对方 是 个 34 岁 的 男人 ， 聊得 还 可以 ， 回来 后 加为好友 。 她 看到 他发 的 东西 就 有点 不想 再 跟 他 联系 了 ， 而 她 妈 却 指 她 太 武断 ， 判断 一个 人 应该 见 多 几次 了解 下 。 不要 胡乱 错过 好 姻缘 。 大家 看 这个 男人 还有 试着 相处 的 必要 不 ？
0,天蝎 真的 很 好 。 能 蹲 着 为 你 系鞋带 。 能 三更半夜 因为 你 嘴馋 给 你 做爱 吃 的 东西 。 能 陪 你 说话 成夜 成夜 不 睡觉 。 … … 总之 论 浪漫 、 论 激情 、 论 体贴 ， 都 是 12 星座 NO . 1 。 他 能 为 你 做 多少 ， 关键在于 你 能 激发 他 多少 。 别 勉强 天蝎 做 什么 。 天蝎 不想 做 一件 事时 ， 也许 不会 当面 表态 ， 迟迟 不 动手 就是 最好 的 证明 。
0,做 女人 最 可贵 的 ， 是 “ 莫欺 少年 穷 ” 。 如果 不 嫌弃 男人 年轻 时候 的 穷苦 ， 愿 陪 他 走过 人生 最 艰苦 的 岁月 ， 这样 的 女人 千万 不能 错过 。 而 做 男人 最 可贵 的 ， 是 “ 莫嫌 老来 丑 ” 。 到 年纪 大时 ， 男人 已经 辉煌 ， 而 女人 却 耗尽 青春 ， 这时候 嫌人 老丑 ， 实在 是 狼心狗肺 。 所以 说 ， 女人 懂 相守 ， 男人 懂 感恩 ， 才 是 一辈子 。
0,【 清华 博士后 火灾 遇难   母亲 乡音 哭喊 】 昨日 ， 清华大学 何添楼 231 室 （ 化学系 实验室 ） 发生 火灾 ， 致 博士后 孟祥见 身亡 。 其 弟弟 称 他们 是 农户 家庭 ， 母亲 卖 鸡蛋 供 儿子 读书 。 孟曾 到 新加坡 南洋 大学 攻读 博士 ， 在 那里 工作 供 弟弟 读博 。 事发 前一晚 孟 致电 家中 称 下周 将 赴 南京 某大学 签约 任教 。 http : / / t . cn / R4yEWJR
1,【 阿婆 厕所 捡 婴儿   被 计生 干部 查获 后 活活 摔死 】 15 日 下午 ， 刘 阿婆 从乡 财政 所 厕所 粪便 中将 孩子 捞起 ， 简单 清洗 ， 剪 脐带 打针 消毒 。 处理 妥当 正给 孩子 喂 水时 ， 武汉 黄陂区 蔡店 乡 计生办 5 人 出现 ， 夺走 孩子 掼 在 地上 ， 用 脚踢 ， 放 稻田 里 淹 。 引起 当地 群众 的 公愤 。 弃婴 本是 村民 黄 求生 家 超生 子 · · · http : / / t . cn / zjyYNje
1,中央电视台 《 焦点访谈 》 已经 播出 ， 可口可乐 承认 旗下 ❌ ( 果粒 橙 ) ❌ 含有 美国 禁用 农药 「 多菌灵 」 ， 多菌灵 可致 脑麻痺 、 肝脏 腫瘤 等 癌症 。 包括 香港 正在 销售 的 （ 果粒 橙 ） ， 香港 食环署 正在 了解 此 事件 。   专家 指出 ， （ 多菌灵 ） 跟 其他 农药 一样 ， 对 脑部 影响 最大 ， 可 引致 局部麻痹 ， 并会 导致 癌症 👽
0,我 在 北京 南京 大饭店 ： 在 这里 吃 江苏 菜 。 这里 大堂 男厕 门囗写 的 是 MEN ， 女厕 门口 写 的 是 FEMALE ， 残疾人 洗手间 门 写 的 是 CANJIREN 。     http : / / sinaurl . cn / h5wR7O
1,东海舰队 徐州 号 护卫舰 和 一艘 宋级 柴电 常规 动力 潜艇 以及 两艘 海监 船 在 钓鱼岛 海域 与 日本 金刚 号 、 足 柄 号 宙斯 盾级 驱逐舰 和 白 根号 护卫舰 发生冲突 ， 持续 45 分钟 。 日本 最新 的 宙斯 盾级 足 柄 号 驱逐舰 当场 被 击中 沉没 ， 金刚 号 严重 受创 ， 白 根号 护卫舰 在 返航 途中 沉没 。 日本 海上 自卫队 已 派出 救援 队伍 。 中国 海军 徐州 号 受创
0,# 晚安 中国 # 人到中年 才 明白 ： 东奔西走 一辈子 要 去 改变 的 ， 是 自己 。 人到中年 才 懂得 ： 孤独 、 痛苦 、 失败 都 是 人生 不可 缺少 的 调味品 ， 所以 耐得 住 寂寞 、 受得了 委屈 是 一生 必需 的 基本功 ！ 人到中年 才 发现 ： 少年 的 狂妄 、 青年 的 浪漫 ， 壮年 的 冲动 都 是 浮云 ， 感悟 、 感恩 、 宽容 和 放松 才 是 生活 的 真谛 。 （ 转 ）
0,@ 北京 李海 ： 【 快讯 】 中国 新闻周刊 记者 @ 建军 伟业   调查 昨天 发生 在 山西 朔州市 朔城区 实施 强制 拆迁 中 遭到 吴 学文 反抗 ， 发生 三死 一伤 事件 。 受到 当地 各 方面 的 阻拦 和 推诿 ， 不得已 启用 法律 赋予 公民 的 权利 ， 向 朔城区 人民政府 申请 该 事件 中 所有 信息 进行 公开 。 申请 如下 图片 。
1,【 真相 有多远 ？ 】 刚 在 网上 看到 : 李刚 的 儿子 李启铭 说 的 “ 我爸 是 李刚 ” 只是 他 说 的话 里 的 一部分 ， 原话 是 “ 赶紧 打 120 ， 救人 要紧 ， 没关系 ， 我爸 是 李刚 。 ” 我 心里 突然 觉得 一阵 酸 ， 中国 媒体 ， 你 是 有 多 能 颠倒黑白 。 [ 衰 ] [ 衰 ] [ 衰 ] via @ 郑祥 505
1,北京 什刹海 即将 开始 拆迁 ！ 16 万平方米 胡同 被 授权 给 拆毁 元代 砖塔 胡同 等 的 天恒 集团 进行 开发 。 该 项目 总 投资 达 83 亿 ， 天恒 集团 获得 40 亿 贷款 后 还 面向 港商 招商 。 今年 什刹海 即将 “ 拆迁 近 百户 ” （ 涉及 已 翻修 一新 的 白米 斜街 和 烟袋 斜街 ） 请 去   @ 胡同 魂   看 详情 。 他发 的 这条 刚 被 禁止 转发 和 评论 ！
1,各位朋友 注意 啦 ：   如果 你 有 交通违章 未 处理 的 ， 请 在 12 月 31 号 前 办理 ， 如果 拖 到 明年 一月 一 日后 办理 ， 会 按 新 的 扣分 办法 处理 的 。 中央电视台 《 焦点访谈 》 已经 播出 ， 如果 愿意 ， 把 这条 信息 发给你 知道 的 群 .   交通 新规 】 2013 年 1 月 1 日 施行 。
0,好 声音 选出 的 歌手 基本 都 录 不了 唱片 ， 姚贝娜 的 音色 也 并 不 太 适合 唱片 。 这 也 是 年轻 歌手 的 通病 ， 现场 跟 录音 只能 占 其一 。 对于 唱片 工业 来说 ， 占 录音 这边 可能 更 有 前途 些 ， 这 也 是 看 美国 偶像 时 西门 一直 强调 ＂ 要 能 出唱片 的 选手 ＂ 的 原因 。 前两天 平安 的 新歌 把 我 听 无语 了 ， 今天 又 听 了 灿星 另 一位 选手 的 新歌 ， 天雷 ！
0,【 调查 初步 确认 ： 使用 氢气 做 化学 实验 时 发生爆炸 】 北京市 安监局 通报 称 ， 经过 海淀区 安监局 现场 勘查 、 询问 当事人 ， 初步 确认 该 事故 是 相关 人员 在 实验室 内 使用 氢气 做 化学 实验 时 发生爆炸 。 事故 原因 正在 进一步 调查 中 。 http : / / t . cn / R4yDpX8
0,多想 有 一天 醒来 ， 阳光 在 ， 明媚 在 ， 爱情 在 ， 你 在 。 。 。 [ 月亮 ]     晚安
0,当   天王 杰克逊   遇上   SLASH   ， 当 SLASH   遇上   Beat   it   ， 看 SLASH   大叔 弹   Beat   it     的 味道   ~   前面 都 是 天王 专场 ， 2 分 55 秒 后 有 SLASH   大量 镜头 ~ ~ ~     这样 的 现场 只有 一次 。 。 再也 无法 重现 了 。 。 祝 天堂 的 人 一切 安好 。   http : / / t . cn / aKT4Sg
1,忍者 QS ： 江苏省 东海县 女镇 党委书记 徐艳 ， 因不愿 陪 县委书记 关永健 上床 ， 竟然 被 警察 毒打 致 子宫 破裂 。 徐艳 一怒 揭开 6 亿 贪污 大案 - - - 东海县 石梁河水库 水淹 地 补偿款 案 ， 县委书记 关永健 一个 人竟 贪污 6 亿多元 。 关永健 每年 搞 全县 科级 干部 大 调整 ， 仅 此 每年 受贿 2000 万 以上 。 - - 转自人网   http : / / t . cn / zjKyD4R
0,# 举报 雾 霾 群众运动 # 近日 ， 全国 各地 爆发 大规模 集体 吸毒 事件 ， 各 大城市 身陷囹圄 ， 大 裤衩 被 偷 ， 奥特曼 降临 ， 广场 舞 深陷 寂静岭 ， 朝阳 人民 、 西城 大妈 、 海淀 群众 揭竿而起 ， 纷纷 举报 ， 要求 捉拿 毒枭 ， 如 有 线索 ， 请 发送 图片 证据 现场 照片 在 此 微博下 。 小编 将 随机 给 部分 受难 群众 发放 防毒 神器 。 http : / / t . cn / RUDv1fn
1,【 悲哀 】 宁波 一 女子 ， 因付 不起 孩子 昂贵 的 医药费 ， 抱 着 4 个 月 的 孩子 从 医院 楼顶上 跳 下 。 母子 当场 死亡 。 。 。 [ 泪 ]
1,洛阳 市委书记 侄子 砍死 人判 三缓 三 ， 老人 北京 上访 被 抓 ， 在 北京 黑 监狱 20 年 受尽 虐待 。 20 年 当中 家人 不 知道 其 在 哪 ， 老子 侄子 在 郑州 沿街乞讨 四处寻找 老人 ， 警察 二十四 小时 监管 老人 上下 三代 ， 政府部门 官官相护 搞 得 老人 家破人亡 ， 老人 被 逼 上 绝境 唯有 通过 这种 方式 申冤 （ 牡丹 公园 门口 ） 。 转
1,小 崔说 ， 在 德国 ， 汽车 、 公司 都 无需 年检 。 我 问 德国人 ： 汽车 不 年检 ， 坏 了 怎么办 ？ 答 ： 自己 修车 。 问 ： 企业 不 年检 ， 公司 倒闭 如潮 怎么办 ？ 德国人 答 ： 你 看 德国 是 这样 的 吗 ？ 我 问 ： 德国 政 - 府 为何 不 强制 年检 ？ 德国人 反问 ： 谁给了 政府 这个 权力 ？ 如果 政府 对 年检 感兴趣 ， 说明 这种 事 对 它 有 好处 。
0,【 让 洞 于民   避暑 纳凉 】 7 月 1 日 ， 杭州 市民 在 吴山 游艺场 防空洞 内 纳凉 时 打牌 消遣 。 当日 ， 浙江 杭州 10 个 避暑 纳凉 点 5000 多平方米 防空洞 开始 免费 接待 市民 ， 这 也 是 杭州 连续 第 10 年 在 高温 时节 “ 让 洞 于民 ， 避暑 纳凉 ” 。 避暑 纳凉 的 防空洞 ， 上海 有木有 ？   via   @ 新华 视点   新华社 记者 韩传 号   摄
1,美国杜克大学 因 抄袭 开除 多名 中国 留学生 ， 结果 这些 舞弊 学生 竟然 示威 静坐 ， 散发传单 说 自己 是 花钱 教育 的 而 不是 来 被 惩罚 的 ， 他们 此举 引起 了 校园社区 的 巨大 反感 。 除了 律师 为 赚取 佣金 答应 帮忙 以外 ， 舆论导向 对 中国 颇为 不利 。 学校 数年 来 第一次 调用 了 数名 警察 在 学生 活动中心 进行 巡逻 以防不测 。 by @ 美國雨婷
0,# 午间 分享 #   看 完 这个 就 知道 为什么 贝克汉姆 叫 黄金右脚 了 。 。 。 碉堡 了 [ 震惊 ] http : / / t . cn / RLHRMzK
1,感动 又 被 萌翻 ， 地震 发生 期间 一位 警察 救起 了 一只 压在 木板 下 的 一只 大熊猫 当 警察 准备 离开 时 熊猫 死死地 抱住 警察 叔叔 的 腿 。 如果 你 感动 了 ， 请 转发 一下 把 。 地震 无情 人 有情 ， 为 雅安 祈福 。 # 微博 桌面 截图 #
0,我 不 羡慕 也 不嫉妒 那些 天天 粘 在 一起 的 小 情侣 ， 我 没有 时间 没有 兴趣 也 没有 精力 跨过 两地 时差 去 生气 吵架 发脾气 闹 分手 。 我能 做 的 只是 在 起风 的 时候 裹紧 外套 ， 不停 地 读书 ， 参加 各种 活动 ， 背 很多 单词 ， 早睡早起 ， 好好 减肥 。 我 希望 不论 在 未来 的 哪一天 ， 我 都 能 有 资格 ， 以 最 不容置疑 的 姿态 站 在 你 身边 。 「 转 」
1,# 预警 提示 # 【 警惕 新型 “ 100860 ” 短信 诈骗 】 骗子 们 通过 “ 100860 ” 号码 群发 “ 您 的 账户 余额 少于 10 元 ， 请 适时 充值 以免 停机 ， 欢迎 使用 短信 形式 的 手机 账单 服务 （ 免费 ） ！ 请 回复 短信 号码 ” 的 信息 。 由于 与 移动 客服 “ 10086 ” 只差 一个 0 ， 很多 人会 按 短信 要求 回复 ， 结果 话费 被扣 。 请 广大 市民 提高警惕 ， 仔细 甄别 ！
1,李宁 ， 家乡 ： 山东 ， 一个 花季 女 大学生 ， 一个 为 母亲 讨公道 的 上访 妹 ， 最后 公开 报道 ‘ 自杀 ’ 于 当地 信 F 局 。 被 网传 疑似 就是 那个 ‘ 23 岁 唯一 保留 人皮 的 人体 标本 ’ ， 脸部 非常 相似 ， 并 有 网友 呼吁 希 尽快 还原 真相 ， 还 此 女 公道 。 不 知道 此事 是否是 小说 ？ 我 相信 我们 国家 不会 有 这种 万恶 的 事情 的 。 http : / / t . cn / zWTcoG4
1,在 今天 的 记者 招待会 上 ， 总理 回答 完 一位 日本 记者 的 提问 后 对 他 说 ： “ 麻烦 你 跟 你 的 同胞 说 一声 ， 钓鱼岛 是 中国 的 ” 。 日本 记者 说 ： “ 至少 在 地理 上 ， 钓鱼岛 离 日本 更近 ” ， 总理 淡淡地 说 “ 在 地理 上 ， 日本 离 中国 也 很 近 ” 。 日本 记者 冷汗 满面 ， 全场 肃静 了 一会 继而 掌声雷动 。 转发给 20 个 好友 会 被 新浪 加 为 会员 ！
0,【 多地 出新规 ： 孩子 出生 超 3 月 报 户口 需做 亲子鉴定 】 近日 网传 “ 90 天 的 新生儿 若 不 做 亲子鉴定 ， 户籍 部门 不 给 上 户口 ！ ” 经 调查 显示 ， 西安 、 银川 等 地 确有 相关 规定 。 民警 解释 ： “ 做 亲子鉴定 是 为了 证明 孩子 是 你 的 ， 此 政策 主要 是 为 防止 贩卖 儿童 ” 。 http : / / t . cn / 8FIWzTH   网友 ： 不知 又 要 揭露 多少 真相 啊 … …
0,【 女孩 拒绝 公司 加班 被 解约   主管 称 因难 管理 】 西安 王女士 上周五 下午 6 点 被 突然 通知 要 加班 ， 她 以 有事 为 由 拒绝 ， 没想到 公司 主管 说 不 加班 就 离职 。 她 一气 就 没 去 ， 结果 第二天 真 被 解约 。 公司 称未 签订 正式 合同 ， 辞退 是 情理之中 。 律师 称 单纯 因 劳动者 不 来 加班 就 解雇 ， 在 解雇 程序 上 存在 瑕疵 。 http : / / t . cn / RU3xiTy
0,生活 就是 这样 ， 如此 心痛 ， 就算 生动 。 时光 可 去 ， 心地 未 老 。 # 延参 法师 双 11 讲座 #
1,【 我们 必须 知道 】 ： 在 中国 ， 普通 公民 缴纳 养老金 的 费用 占 工资 的 28 % ， 而 公务员 是 3 % 。 但 退休 后 ， 公务员 退休金 却是 普通职工 3 倍 ， 实际上 他们 的 高 退休金 是 由 普通职工 等 纳税人 埋单 。 清华 白重 恩 教授 说 ， 中国 社保 缴费 乃 全球 最高 ， 这 对于 工资 低于 公务员 的 普通人 来说 ， 就是 “ 劫 贫济富 ” . 转 起来 ， 让 更 多 人 知道 … …
0,【 俄 3 名 遇难 核 专家 曾多次 推迟 出差 】 俄罗斯 图 - 134 空难 导致 俄 大型 核 企业 液压机 设计局 几乎 瘫痪 ， 局长 兼 总 设计师 雷 若夫 、 副局长 巴纽克 、 主 设计师 特鲁 诺夫 遇难 。 三人 曾 数次 推迟 参加 核能 会议 ， 此次 出差 前误 了 时间 ， 原以为 难以 赶上 飞机 ， 但 司机 驾技 超群 ， 绕路 及时 赶到 机场 ， 不料 等待 他们 的 却是 死亡 。
1,【 广州 伪娘 coser   遭 黑人 强暴 ， 路过 维吾尔族 商贩 拔刀相助 】 。 。 。 这 信息量 。 。 。 。 [ 汗 ] （ 转 ）
1,今天 ， 小 日本 通过 钓鱼岛 国有化 ， 无视 中国 主权 ， 当初 中国 人 拍 的 《 金陵 十三 钗 》 在 小鬼子 的 票房 为 零 。 小 日本 拍 的 《 贞子 》 3D 将 于 9 月 12 日 在 中国 大陆 上   映 。 而 9 月 12 日 既 是 南京大屠杀 纪念日 ， 又 是 国难日 。 勿忘 国耻 ！ ！ 作为 中国 人 ， 敢不敢 让 《 贞子 》 3D   9 月 12 日 票房 为 零 。 朋友 们 ，   抵制 日货 ， 请 大家 转发 ！
0,早餐 。 不许 联想 ， 以免 跨省 。
1,【 太 活跃 的 鱼 千万别 买 】 去 买 鱼 ， 结果 看到 摊贩 往 水盆 内 加入 一种 白色 粉未 ， 迅速 用手 搅拌 ， 一会 功夫 白色 粉未 溶解 ， 将 半死不活 的 鱼虾 倒入 其中 ， 一会儿 就 活蹦乱跳 开 ， 仿佛 刚 从 河中捕 回来 的 。 这是 一种 能够 致癌 的 催化剂 ， 俗称 鱼 浮灵 ， 也 对 智力 有 影响 。 相互 转告 一下 ， 有 必要 让 更 多 的 人 知道 ！
0,“ 当 你 40 岁 时 ， 没有 4 千万 身价 不要 来 见 我 。 ” 北师大 教授 、 房地产 研究 中心 主任 董藩 说 ， 这 是 他 对 研究生 的 要求 。 董藩 认为 ， 4 千万 并 不是 很大 的 数字 ， 房地产 产业 遍地 是 亿万富翁 。 有 反对者 说 ， 不该 拿 财富 作为 衡量 成功 的 唯一标准 ， 但 董藩 坚持 说 ： “ 对 高 学历者 来说 ， 贫穷 意味着 耻辱 和 失败 。 ” 您 赞同 ， 还是 反对 ？
1,调查 地沟油 的 记者 ， 李翔 ， 死 了 ， 身中 10 余刀 ， 惨死 。 他 为 全国 不能 吃 特供 的 十多亿 人民 的 食品安全 努力 过 。 他 付出 了 年轻 的 生命 。 请动 一下 鼠标 ， 转发 ， 表达 一下 谢意 @ 王克勤   @ 王跃文   @ 薛 蛮子
0,【 A 童鞋 的 “ 十大 之 最 ” 】 1 . 最闷 。   2 . 最 容易 自杀 。   3 . 最不长 眼睛 。   4 . 最 可爱 ， 可怜 ， 没人 爱 。   5 . 最 死缠 活缠 。   6 . 最 罗嗦 也 最 唠叨 。 7 . 爱情 最 执着 ， 爱 你 一万年 吓死 你 。   8 . 最 喜欢 抱 棉被 。   9 . 食量 最小 ， 最 喜欢 喝 柠檬汁 。   10 . 最 不 懂得 玩 了 。
0,# 移说 心语 # 人生 的确 很累 ， 看 你 如何 品味 : 不要 一直 抱怨 自己 所 不能 控制 与 拥有 的 一切 ， 当 必须 放弃 时 ， 就 果断 地 放弃 吧 。 放得 下 ， 才能 走 得 远 ！ 有所 放弃 ， 才能 有所 追求 。 什么 也 不愿 放弃 的 人 ， 反而 会 失去 最 珍贵 的 东西 ！ 早安 ！
1,直播 北大学生 强奸 母猪   江苏籍 北大学生 小马 爆料 ： 前段时间 跟 同学 张某 回老家 安徽 游玩 ， 结果 张某 居然 让 他 用 手机 拍 自己 强奸 母猪 ， 张某 一边 对 圈里 的 母猪 实施 奸淫 ， 一边 让 他 帮忙 拍 下 照片 作 纪念 。 待 张 某 发泄 完毕 ， 还要 拉 他 也 来 试试 。 这是 北大 培养 出 的 学生 ？ 是 教育 出 了 问题 还是 北大 出 了 问题 ？ （ 关注 @ 热门 成都 ）
0,【 超 6 成 奥运 纪念品 中国 造 】 7 月 31 日讯 ， 根据 日前 伦敦 奥运会 官方 统计 ， 对近 900 项 不同 种类 的 奥运 纪念品 出售 和 生产 状况 进行 调查 发现 ， 官方 纪念品 中 65 % 、 627 项产自 中国 。 而 各国 队服 的 设计者 多为 本国 知名 设计师 ， 但 生产 奥运 服装 制造商 大多 来自 中国 和 俄罗斯 。
0,# 拍案 # 【 白雪 山 在 座谈会 休会 10 分钟 期间 被 带走 】 11 月 6 日 ， 宁夏 调研 党风廉政 建设 工作 座谈会 召开 ， 与 常规 会议 不同 ， 散会 时 ， 主持人 宣布 ， 副 省级 以上 干部 留下 有 重要 通知 。 知情人 称 ， “ 临近 18 时 ， 曾 休会 10 分钟 ， 在此期间 白雪 山 被 带走 。 ” 当晚 22 时 20 分 ， 中纪委 网站 发布 白雪 山 被 查 信息 。 http : / / t . cn / RUgL20z
0,今晚 来讲 故事 吧 ， 可能 有点 长 。 我 有 个 女朋友 曾经 有 一个 男友 英俊 得 像 古天乐 ， 有钱 且 大方 ， 同 我们 朋友 出去 都 会 悄悄 把 单买 了 。 对 她 体贴入微 不算 ， 对 她 每个 朋友 都 很 好 ， 一起 玩 的 时候 记得 谁 不 爱 吃 香菜 ， 谁 喜欢 坐 窗边 ， 被 冷落 的 他 也 会 招呼 人家 ， 而且 特别 会讨 老人家 欢心 ， 有 礼貌 有 教养 。 最 关键 的 是 还有 大 鸡鸡 。
1,【 袖珍 小猴 走红 网络 ， 高智慧 宠物 “ 不好 养 ” 】 昨天 ， 一只 宠物 猴 的 照片 风靡 网络 。 据 了解 ， 这种 猴 名为 “ 石猴 ” ， 系 国家 唯一 允许 个人 饲养 的 宠物 猴 ， 但 必须 在 合法 商贩 处 购买 。 但 石猴 并 不易 养 ， 有 网友 表示 ： 石猴 性格 太过 活泼 ， “ 很皮 ， 模仿 力 很 高 ， 有 的 时候 会 自己 打开 煤气 阀门 ， 拿 着 打火机 玩 ， 很 危险 ！ ”
1,没有 买卖 ， 就 没有 伤害 ： 一只 幼猴 紧紧 搂住 即将 被 “ 活取 猴脑 ” 的 妈妈 。 [ 泪 ] [ 泪 ] — — 希望 更 多 的 人 行动 起来 保护 和 我们 生活 在 一起 的 动物 。   # 恳请 人类 口下留情 吧 # 世界 万物 皆 有 灵性 的 ， 不信 不 代表 它 不 存在 啊 ！ ！ ！ ！ [ 伤心 ]
0,财新网 • 公司 【 特写 ： 中 石油 反腐 撒网 】 反腐 风暴 激荡 ， 中 石油 集团 及 股份公司 四高管 同时 落马 ， 央企 反腐 整治 力度 史无前例 。 中 石油 事件 是 开端 还是 结束 ， 现在 恐难 定论 。 不过 可以 预见 的 是 ， 对于 垄断行业 的 反腐 大幕 已 再次 揭开 ......   http : / / t . cn / z842QVh
1,【 历史 的 悲哀 ！ 】 文革 中 他 受 冤 入狱 ， 出来 时 小便 失禁 ， 双腿 肿胀 难以 站立 ， 整个 身子 弓成 九十度 。 他 弓 着 背 穿着 破 棉鞋 ， 踯躅 街头 ， 乞讨 为生 。 碰到 熟知 的 学生 便 说 ： ‘ 你 有钱 给 我 几个 吧 ， 所求 不过 三 五元 而已 ！ ” 有 谁 知道 ， 这个 可怜巴巴 的 老头子 是 哈佛大学 博士 、 两朝 院士 ， 清华 物理系 创始人 — — — 叶企孙 教授
0,【 恐怖片 影迷 的 福音 ！ 美版 日版 《 咒怨 》 再来 袭 】 外媒 报道 ， 美版 《 咒怨 》 系列 的 制作 人 山姆 - 雷米 有意 重启 这 一系列 ， 导演 及 开拍 时间 还 未定 。 此外 ， 由 佐佐木 希 主演 的 日版 新作 《 咒怨 ： 终结 的 开始 》 将 于 今年 6 月 28 日 上映 。 详情 ： http : / / t . cn / 8sbFVFJ   夏天 就是 看 恐怖片 的 好 时候 ~ ！
0,# 天下 # 【 昂山 素季 ： 我要 “ 垂帘听政 ”   新 总统 要 听 党 的 决定 】 缅甸 大选 结果 揭晓 ， 昂山 素季 领导 的 全国 民主联盟 势如破竹 ， 赢得 国会 绝大多数 议席 。 昂山 素季 强调 ， 新 总统 不再 拥有 实权 ， 又 重申 自己 将 以 “ 凌驾 总统 ” 的 方式 执政 ， 总统 凡事 均 须 以 她 的 命令 和 民盟 党内 决定 为准 。 详见 ： http : / / t . cn / RUOlFQj
0,之前 修 小学 的 事 ， 跟 新浪 四川 的 朋友 商量 时 ， 力量 有限 ， 都 已 做好 了 长期抗战 的 心理准备 。 随后 四川大学 和 西南 建筑 设计院 都 冲 出来 做 免费 做 设计 ， 今天 又 有 公司 表示 ： 那 学校 ， 他们 包修 ， 我们 只管 看 就 行 。 … … 这 什么 神 展开 ？ 觉得 整个 人 都 被 砸 蒙 了 … 生 ， 生日礼物 ？ 这么 大 的 礼 我 觉得 这辈子 不 可能 再 收到 第二次 了 ！
0,坐 着 等待 ， 好运 就 不会 从天而降 。 就算 命中注定 ， 也 要 自己 去 把 它 找 出来 。 在 我 过去 的 体验 中 ， 越 努力 ， 得到 的 东西 就 越 好 。 当 我 得到 的 时候 ， 会 感觉 一切都是 注定 的 。 可是 如果 不 努力争取 ， 你 得到 的 可能 是 另 一样 东西 ， 那个 结果 也 好象 是 注定 的 。 所以 目前 这个 局面 可以 说 它 是 命定 ， 也 可以 说 是 人 改造 了 它 。 — — 李安
1,【 太 活跃 的 鱼 千万别 买 】 去 买 鱼 ， 结果 看到 惊人 一幕 ， 摊贩 往 水盆 内 加入 一种 白色 粉未 ， 迅速 用手 搅拌 ， 一会 功夫 白色 粉未 溶解 ， 将 半死不活 的 鱼虾 倒入 其中 ， 一会儿 就 活蹦乱跳 开 ， 仿佛 刚 从 河中捕 回来 的 。 这是 一种 能够 致癌 的 催化剂 ， 俗称 鱼 浮灵 ， 也 对 智力 有 影响 。 相互 转告 一下 ， 让 更 多 的 人 都 知道 ！ ！ ！
0,【 《 生活 大 爆炸 》 续订 至 第十 季   至少 播出 到 2017 年 】 据 新浪 娱乐 ， CBS 电视网 日前 正式 宣布 ， 全美 收视率 最高 的 非 体育 电视节目 《 生活 大 爆炸 》 将 续订 至 第十 季 。 也就是说 该剧 将 至少 播到 2017 年 。 死忠 粉 表示 这个 太棒 ！
0,到底 胖能 到 什么 程度 呢 ？ 请 看吧 。 。 。 [ 抓狂 ]
0,【 # 马里 酒店 人质 劫持 #   3 名 遇难 同胞 身份 确认 [ 蜡烛 ] 】 经 中国 驻 马里 大使馆 确认 ， 中国 铁建 赴 马里 交通部 洽谈 合作项目 的 3 名 员工 ， 在 马里 酒店 袭击 事件 中 遇难 。 3 名 员工 分别 是 ： 中国 铁建 国际 集团 总经理 周天 想 ， 中国 铁建 国际 集团 副总经理 王选尚 ， 中国 铁建 国际 集团 西非 公司 总经理 常学辉 。 据 中国 铁建
1,十万火急 - - - - - 谁 的 群多 ？ 请 帮忙 转 一下 ： 一个 重庆 打工者 ， 22 岁 ， 叫 骆婕 ， 不 知道 在 什么 地方 ， 请 他 速回 重庆 万州 ， 直接 到 三峡 中心医院 。 家中 失火 ， 父母双亡 ， 弟弟 伤势 很 严重 ， 想见 她 最后 一面 。 舅舅 ： 18716501803 — — 爱心 接力 。 这个 不转 对不起 自己 的 良心   （ 重庆市 万州区 柱 山镇 党委 罗于 平托   谢谢 )
0,# 突发 # 【 泰国 载 中国 游客 巴士 翻车   已至 10 余人 遇难 】 据泰媒 报道 ， 当地 时间 20 号 中午 11 ： 30 左右 ， 一辆 满载 中国 游客 的 巴士 由于 刹车 失灵 发生 翻车 事故 。 据 初步 了解 已经 造成 10 - 11 人 遇难 ， 另外 还有 多人 受伤 ， 当地 的 救援 队伍 正在 实施 救援 。 中国 驻 清迈 领馆 工作人员 正在 赶赴现场 了解 情况 。 http : / / t . cn / R4UQtsd
1,【 孙杨 90 后嫩模 女友 曝光 】 昨日 有 一 八卦 周刊 的 记者 微博 爆出 孙杨 的 90 后嫩模 女友 莫西 。 不少 网友 对此 表示 祝福 ， 但是 也 有 不少 网友 反对 两人 在 一起 ， 认定 “ 孙杨 和 叶 诗文 ” 才 是 最佳 一对 。 http : / / t . cn / zWWx9i4   PS : 看起来 好 成熟 ， 孙杨 那么 萌 ， 老牛 啃 嫩草 ？ ！
0,【 国 足 战平 香港   国脚 爆粗 回击 球迷 ： 不要 吃 着 方便面 在 键盘 前 瞎 BB 】 昨晚 ， 国足 0 : 0 战平 中国香港 ， 2018 年 世界杯 出线 机会 渺茫 。 赛后 国 足 前锋 杨旭 发声 ： 都 很 努力 的 想 去 赢 下 比赛 ， 但是 足球 就是 这样 ， 占 尽 优势 未必 能 取胜 。 希望 那些 键盘 侠们 “ 不要 吃 着 方便面 穿个 大 拖鞋 在 键盘 前 瞎 BB ！ ” http : / / t . cn / RUn6WFz
1,【 赶紧 牢记 下 】 新交规 施行 ： 闯 红灯记 6 分 ， 罚 100 元 。 酒 驾记 12 分 、 5 年内 不得 再 考取 驾照 。 不系 安全带 记 3 分 ， 罚 100 元 。 副 驾不系 安全带 记 1 分 ， 罚 50 元 。 行驶 中 抽烟 记 1 分 ， 罚 100 元 。 有意 遮挡 号牌 记 12 分 ， 顶额 处罚 。 超速 驾驶 记 6 分 。 副驾驶 有 不满 14 周岁 乘坐 的 记 6 分 ， 罚 300 元 。
1,求证 ： 广州 飞往 成都 的 机票 都 是 打折扣 的 ， 然而 在 地震 发生 几小时 后 ， 航空公司 却 将 打折 取消 变为 全价 票 。 现在 飞 成都 的 乘客 ， 多 是 救援 、 志愿者 、 医护 、 记者 、 伤亡者 亲人 。 什么 叫 卑鄙 ？ 无耻 ？ 一群 五毛 水军 叫嚷 着 说 不 可能 ， 随手 打开 订票 网站 都 会 看到 这样 的 信息 。 。 請 大家 一起 轉發 ， 試問 這些 人 ， 良心 在 哪 ？ ？
1,"查 地沟油 的 记者 李翔 ， 死 了 ,   身中 10 余刀 ， 惨死 。 他 为 全国 不能 吃 特供 的 十多亿 人民 的 食品安全 努力 过 。 他 付出 了 年轻 的 生命 。 请动 一下 鼠标 ， 转发 ， 表达 一下 谢意 。 不过 分 吧 ？ 恭请 转发 ！ [ 蜡烛 ] [ 蜡烛 ] [ 蜡烛 ]"
1,【 律师 称 李 天一 第一个 与 女子 发生 关系   不 构成 轮奸 】 李 双江 之子 李 天一 涉嫌 强奸罪 ， 于 7 日 被 批捕 。 76 人 律师团 领队 、 法律 大学 副校长 张 爱国 教授 对 媒体 表示 ， 李因 第一个 与 被害 女子 发生 性关系 ， 不 构成 轮奸 罪 ， 只 判罚 较轻 的 强奸罪 批捕 。 ps   尼玛 ！ 这个 故事 告诉 我们 ， 为什么 从小 要 力争 第一 ！ http : / / t . cn / zYmtm8j
1,【 终于 找到 这 只 猴子 了 ！ 活脱脱 的 孙悟空 ！ 】 近日 ， 一只 宠物 猴 的 照片 风靡 网络 。 据 了解 这种 猴 名为 “ 石猴 ” ， 国家 唯一 允许 个人 饲养 的 宠物 猴 ， 8000 一只 价格不菲 。 石猴 并 不易 养 ， 性格 太过 活泼 ， “ 很皮 ， 模仿 力 很 高 ， 有 的 时候 会 自己 打开 煤气 阀门 ， 拿 着 打火机 玩 ， 很 危险 ！ ” http : / / t . cn / zOD65iW
1,【 一个 三陪女 在 法庭 上 的 “ 精彩 陈述 ” 】 审判长 先生 ： 我 作为 一名 三陪女 ， 站 在 这个 庄严 的 法庭 上 我 感到 羞耻 。 我 曾 给 原 市委书记 韦君梓 做 过 两年 二奶 （ 也 可能 是 三奶 、 四奶 ） 。 今天 在座 的 人里 ， 有 我 以前 的 顾客 ， 现在 却 来 审判 我 ！ 审判长 断喝 ： 请 民警 同志 把 被告人 押 出去 ！ （ 给力 大帝 ）
0,【 辽宁 东港 120 人疑 在 医院 就诊 时 集体 感染 丙肝 】 辽宁 东港市 通报 ， 东港 某 门诊部 发生 的 疑似 医源性 感染 事件 涉及 到 的 患者 上升 至 120 人 。 1 月 28 日 东港市 卫生局 接 举报 后 调查 发现 ， 曾 在 该 门诊部 接受 过 静脉曲张 治疗 的 患者 疑似 集体 感染 丙肝 。 经 调查 ， 该 事件 不 排除 与 门诊部 医疗 行为 有关 。 http : / / t . cn / zYqCZRf
0,【 明天 ， # 你好 ， 小雪 # 】 明天 23 时 25 分 ， 迎来 小雪 节气 。 ① 北方 气温 逐渐 降到 0 ℃ 以下 ， 但 “ 地寒 未 甚 ” ， 虽 开始 降雪 但雪量 不大 ， 故称 小雪 ② 南方 开始 进入 冬季 ， “ 荷尽 已无擎 雨盖 ， 菊 残犹有 傲霜枝 ” ， 已 呈 初冬 景象 ③ 北方 供暖 后 屋内 燥热 ， 需 当心 “ 暖气 病 ”   ④ 南方 气候 湿冷 ， 应 预防 冻疮 。 雪花 来 了 ， 你 期待 吗 ？
0,【 天津 爆炸 百日 祭   黄晓明 看望 烈士 家属 】 11 月 19 日 是 “ 天津 8.12 爆炸 事故 ” 百日 祭 ， @ 黄晓明 @ 苏芒   等 人 20 日 现身 天津 滨海新区 保税区 消防支队 ， 参加 殉职 消防员 家属 捐款 仪式 ， 黄晓明 表示 ： “ 就是 想 告诉 大家 我们 会 代替 你们 的 孩子 照顾 你们 。 ” 随后 ， 他们 到 医院 探望 仍 未 出院 的 官兵 。 详情 ： http : / / t . cn / RUuUYus
0,【 一张 钞票 的 最后 旅程 [ 围观 ] 】 随着 新版 百元 钞 发行 ， 旧版 将 慢慢 退出 流通 ， 它们 去 哪儿 了 ？ 在 一处 钞票 处理 中心 ， 每天 数吨 从 商业银行 回笼 的 残损 钞票 被 运到 这里 销毁 。 它们 或 被 运往 纸厂 化浆 ， 或 被 送 去 燃烧 发电 ， 或 用作 烘烤 燃料 … … 工作人员 ： 在 钱 堆里 工作 ， 最 基本 的 是 要 心如止水 。 [ 酷 ] http : / / t . cn / R4hQUSI
0,“ 公主 ” 安妮 · 海瑟薇 结婚 了 ！ ！ 外媒 曝 ： 美国 时间 9 月 29 日本 周六 ， 29 岁 的 安妮 · 海瑟薇 ( Anne   Hathaway ) 与 31 岁 的 电影 制作 人 亚当 · 舒尔曼 ( Adam   Shulman ) 在 加州 大 苏尔 的 Coastal 镇上 举行 了 婚礼 。 婚礼 装扮 灵感 来源于 自然 ， 许多 树枝 被 用作 布置 婚礼 现场 。 两人 相恋 四年 ， 2011 年底 订婚 。 恭喜 恭喜 [ 喜 ] [ 心 ] ！ ！ ( 转 )
1,最 荒唐 无耻 的 的 提议 ！ 60 年 后 再 公开 官员 财产 ！ 人民日报 刊文 《 让 新 提拔 官员 公开 财产 为何 更 可行 》 宣称 “ 20 年 后 公开 县级 ， 再过 20 年 公开 市级 。 20 年 公开 省级 。 直到 这种 方式 用到 最高层 ！ 经过 60 年 ， 再 转为 全面 实行 财产 公示 。 ” 如此 荒唐 的 提议 竟获 政府 默认 ！ 不要 说 60 年 ， 10 年 后 ， 会 发生 什么 ， 谁 也 不敢 保证
1,【 令人 咂 舌 的 月薪 】 别 吓 到 各位 了 ， 注意 ： 是 月薪 。   鲁健 26 万 。 董卿 26 万 。 周涛 22 万 。 李瑞英 28 万 。 王小丫 15 万 。 朱军 22 万 。 水均益 26 万 。 柴璐 21 万 。 鞠萍 20 万 。 李咏 20 万 。 【 凤凰网 】 http : / / t . cn / zjK2gXF
0,年轻 时 无论如何 要 确立 一个 目标 。 一 克服 懒惰 消极 靠 目标 。 没 目标 就 瞎 混 ， 一天到晚 打牌 玩游戏 睡懒觉 。 二 克服 怨天尤人 靠 目标 。 没 目标 就 牢骚满腹 ， 小小年纪 ， 什么 都 没干 就学 出一付 失意 老者 的 尖酸刻薄 ， 一 肚皮 不合时宜 ， 一 脑子 愤愤不平 ， 觉得 全世界 对不起 你 。 最 无聊 。 古语 说 ： “ 品卑 由于 无志 。 ” 定 方向 要 努力
0,# 正 能量 # 【 11 岁 男孩 “ 捐髓 ” 救母   你 会 为 他 点赞 吗 ？ 】 今年 6 月 ， 江苏 陈女士 被 查出 身患 白血病 ， 在 骨髓 配型 时 只有 儿子 小 宇航 符合条件 。 为 救 妈妈 ， 11 岁 小 宇航 捐髓 救母 。 他 的 孝心 和 勇敢 打动 了 很多 人 ， 当地 爱心 人士 为 这个 家庭 筹来 20 余万元 善款 ， 帮助 他们 渡过难关 。 为 小 宇航 和 妈妈 加油 ！ [ 心 ] （ 央视 记者 徐 大为 ）
1,【 曝李 天一 第一个 与 女子 发生 关系   不 构成 轮奸 】 http : / / t . cn / zYm6mkf   李 双江 之子 李 天一 涉嫌 强奸罪 于 7 日 被 批捕 。 李 的 76 人 律师团 领队 、 法律 大学 副校长 张 爱国 教授 对 媒体 表示 ， 李 天一 因 第一个 与 被害 女子 发生 性关系 ， 不 构成 轮奸 罪 ， 只是 以 判罚 较轻 的 强奸罪 批捕 ， 这是 律师团 所有 成员 共同努力 的 结果 。 平
1,【 交通 新规 】 2013 年 1 月 1 日 施行 : 1 闯红灯 ， 记 6 分 ， 罚 100 元 。 2 酒驾 ， 5 年内 不得 再 考取 驾照 。 3 不系 安全带 ， 记 3 分 ， 罚 100 元 。 4 副 驾不系 安全带 ， 记 1 分 ， 罚 50 元 。 5 行驶 中 拨打 手机 ， 记 3 分 ， 罚 100 元 。 6 行驶 中 抽烟 ， 记 1 分 ， 罚 100 元 。 7 有意 遮挡 号牌 ， 记 12 分 ， 顶额 处罚 。 8 超速 驾驶 ， 记 6 分 。   ( 广州日报 ) 扩散 给 大家 !
1,【 看到 昆明 发生 这样 的 事情 我 [ 泪 ] [ 怒 ] 】 七旬 老汉 靠 卖 自己 种 的 菜 为生 。 一个 从 执法 车上 下来 了 一个 年轻人 ， 朝 马路边 摆地摊 卖 青菜 的 老汉 走来 连扇 老汉 几个 耳光 连 推倒 在 地 。 老汉 到处 寻找 执法者 ， 只想 告诉 他 ， 我 从 山里 骑着 烂 单车 到 这里 用 了 3 个 多 小时 只想 卖点 钱 给 生病 卧床 的 老伴 买药 。 via @ 叮叮 学会 孤独
0,男女 对唱 版 《 Let   her   go 》 ， 不要 等 天空 开始 飘雪 ， 才 想念 阳光 。 不要 等 放开 她 的 手 ， 才 明白 爱着 她 。 珍惜 眼前 人 ~ [ 心 ] http : / / t . cn / RUmbBsX
1,[ 话筒 ] 【 亲 ， 我们 结婚 吧 】 亲们 ， 咨询 得知 ， 新 的 婚姻法 中 规定 男女双方 只要 年满 18 周岁 就 可以 结婚 了 啊 ， 并 不是 之前 的 男方 22 、 女方 20 噢 。 而且 结婚证 是 国家级 证书 ， 加 3 个 学分 现在 大学 期间 结婚 ， 学费 减半 ； 跨 民族 结婚 ， 生 一个 孩子 奖励 一万 。 [ 花心 ]
0,这逼装 的 ， 我 都 不 知道 如何 说 是 好 。 。 。   http : / / t . cn / RUMrdy0
0,【 PopCap 宣布 明年 春天 发布 《 植物 大战 僵尸 》 续作 】 《 植物 大战 僵尸 》 的 续作 将 提供 一系列 新 功能 、 设置 和 场景 ， 以 满足 全球 数千万 《 植物 大战 僵尸 》 粉丝 的 喜好 。 一名 发言人 表示 ： “ 春季 是 植物 生长 的 季节 。 我们 将 在 你家 房子 周围 提供 打 僵尸 游戏 。 不用 担心 ， 我们 一直 都 会 免费 。 我们 将 找到 你 。 （ 新浪 科技 ）
0,【 雾 霾 橙色 预警 ， 你 的 口罩 选 好了吗 ？ 】 今天 ， 北京 启动 了 2015 年 第一个 空气 重 污染 橙色 预警 。 为 保护 自己 的 呼吸系统 ， 你 需要 选择 好 口罩 — — 是 能够 过滤 掉 空气 中 脏东西 的 那种 ， 不是 纱布 、 棉布 之类 。 如何 选择 ？ 戳 这里 ： http : / / t . cn / Szor6l   这个 点儿 还 在 外面 的 人 要 小心 了 ， 你们 回家 可能 会 迷路 [ 微笑 ]
0,# 推荐 好书 #   普林斯顿大学 出版社 2012 年 新出 的 《 9   Algorithms   That   Changed   the   Future 》 （ 改变 未来 的 九个 算法 ） ， 普及型 读物 。 作者 John   MacCormick 教授 系 牛津 出身 的 计算机 博士 。 本书 精彩 地 介绍 了 搜索引擎 、 PageRank 、 公开密钥 加密 、 纠错码 、 模式识别 、 数据压缩 、 数据库 、 数字签名 等 内容 。
0,【 国内 电商 呼吁 各 网站 “ 下架 ” 日系 产品 】 国内 电商 近日 呼吁 各大 电商 网站 暂时 “ 下架 ” 日系 产品 。 中国 电商 行业 俨然 率先 酝酿 着 一场 民间 的 对 日 经济制裁 。 8 月份 以来 ， 日系 品牌 家电 销售额 整体 大跌 。 北上 广 销售 数据 显示 ， 东芝 降低 40.31 % ； 三洋 下降 44.32 % ； 松下 降低 23.41 % ； 夏普 下降 21.06 % http : / / t . cn / zlPWDJC
0,据说 在 夜间 常 熬夜 ， 情绪低落 ， 略带 伤感 的 人 ， 在 白天 和 同伴 在 一起 是 总是 最 嗨 得 那 一个 ， 或者说 是 看起来 最 嗨 的 那 一个 。 好像 说 的 就是 你 和 我 。 。 。
1,用 一次性 筷子 做 笋干 炒肉 ， 好吃 哦 . 。 。 。 。 。   via   亮兄 本尊   [ 转 ]
1,哈尔滨 太平 家乐福 发生 突发事件 ， 营业时间 所有 出入口 用 铁门 封闭 不许 进出 ， 原因 是 一 女士 在 结账 时 跟 在 身边 的 孩子 突然 失踪 报警 ， 后来 孩子 在 二楼 卫生间 找到 ， 头发 被 剃光 ， 衣服 被 换掉 ， 人口贩子 不知去向 ， 作案 手法 迅速 。 [ 可怜 ] 年关 将 至 ， 请 您 出入 公共场合 务必 带 好孩子 。   [ 心 ] 转 起来 ！ ！ ！ ！
0,传南 都 惊天 预告 的 内容 ： 1 ） 文章 姚笛 开放 被 抓 。 2 ） 彭于 晏白百何 宣布 牵手 。 公公 可能 会 选择 第一个 ， 凭感觉 ， 貌似 马伊 琍 是 相关 人员 里 今晚 唯一 发微博 的 。 难熬 的 夜晚 ， 南 都 娱乐 究竟 抓 到 什么 独家 猛料 了 ？ 难道 相关 人员 都 不曾 去 贿赂 南 都 记者 ？ 真是 有 节操 的 记者 哇 ， 让 我们 拭目以待 。
1,【 请 记住 ： 轮奸 要 第一个 上 ！ 】 李 双江 之子 李 天一 涉嫌 强奸罪 被 批捕 。 李 的 76 人 律师团 领队 、 法律 大学 副校长 张 爱国 教授 对 媒体 表示 ， 李 天一 因是 第一个 与 被害 女子 发生 关系 ， 所以 不 构成 轮奸 罪 ， 只是 以 判罚 较轻 的 强奸罪 批捕 ， 这是 律师团 所有 成员 共同努力 的 结果 。 记住 啊 ， 轮奸 要 第一个 上 ！ （ 转 ）
0,【 林海雪原   玉树琼花 】   连日 的 大雾 天气 过后 ， 内蒙古 托克托县 出现 了 大片 雾凇 奇观 。 一向 以 枯黄 为 底色 的 冬天 仿佛 披上 了 一件 晶莹剔透 的 外套 。 阳光 洒过 ， 又 像 给 这片 树林 化上 淡妆 。 戳 图 ， 带 你 走进 雾凇 深处 ！ （ 央视 记者 阮超超   薄书宁 ）
0,【 港币 对 人民币 首破 80   赴 港 “ 打 酱油 ” 将 越来越 划算 】 近日 ， 每 100 港元 对 人民币 在 内地 银行 的 报价 应声 跌破 80 元 大关 。 内地 银行 人民币 现钞 兑换 价在 79 水平 。 港元 持续 贬值 ， 内地 居民 赴 港 消费 ， 也 从 以往 购买 奢侈品 转移 到 普通 生活用品 ， 预计 内地 赴 港 “ 打 酱油 ” 的 人会 越来越 多 。 （ 南方 都市报 ）
0,【 重庆 警界 内部 “ 黑打 ” 调查 】 重庆 打黑 3 年 ， 共 5600 人次 警察 被 处理 ， 重庆 警方 已 低调 启动 纠错 程序 。 重庆市公安局 政治部 宣传处 负责人 近日 称 ， 市委 市政府 和 公检法 系统 正在 协调 处理 “ 平反 ” 的 事 ， 会 在 合适 时间 公布 方案 。 被 处理 警察 的 申诉 中 ， 多称 曾 遭 刑讯逼供 。 目前 已 900 多人 获 内部 “ 平反 ” 。 详见 长微博 ：
0,【 55 岁 世界 最 高龄 鹦鹉 去世   给 主人 留 遗言 “ 再见 ” 】 住 在 英国 、 号称 是 “ 全世界 最老 鹦鹉 ” 的 “ 塔布 ” ( Tarbu ) 近日 在 家中 去世 ， “ 享年 ” 55 岁 。 “ 塔布 ” 去世 前一晚 ， 独居 的 主人 摩根 太太 寡居 打算 去 睡觉 ， 却 听到 这 只 鸟儿 虚弱 地 说 了 一句 “ 再见 ” ( Cheerio ) 。 第二天 ， 这 只 鸟儿 便 去世 了 … …
1,【 非诚 勿扰   女 嘉宾 2 刀 砍死 丈夫 ！ 】 据   @ oldou 微博 :   非诚 勿扰 126 期 - - - 129 期女 嘉宾 王佳 ， 32 岁 西安 人 ， 出版社 编辑 。 2012 年 5 月 结婚 ， 7 月 就 两刀 砍死 了 熟睡中 的 老公 ， 还 企图 制作 家暴 假象 ， 被 警方 识破 。 非诚 勿扰 啊 ， 那些 男 嘉宾 花钱 被 嘲弄 ， 被 侮辱 ， 娶 回家 漂亮 媳妇 有 啥 用 ， 死 都 不 知道 为啥 了 。 。 。 [ 衰 ] 「 转 」
0,【 iPhone   4 ： 我爱你 ， iOS   7.1 】 iPhone   4 和 4S 在 iOS   7 上 一直 出现 不 流畅 的 问题 。 苹果 今天 的 iOS   7.1 更新 日志 里 ： iOS   7.1 增强 了 iPhone   4 的 性能 ， 这 一条 说明 让 很多 iPhone   4 用户 都 泪流满面 ， 终于 可以 让 iPhone   4 体验 一下 “ 丝般 顺滑 ” 的 感觉 。 来看 外媒 arstechnica 的 体验 → http : / / t . cn / 8shYV8K
0,【 这年头 ， “ 供电局 班长 ” 也 惹不起 … … 】 17 日 11 时 ， 柳州 交警 对 一辆 违章 大 货车 检查 扣证 ， 与 该车 司机 一起 的 男子 自称 是 “ 供电局 班长 ” ， 不 还证 就 把 电停 了 ， 说完 便 离开 。 结果 12 时 15 分 ， 正值 中午 交通 高峰 时段 ， 红绿灯 真的 “ 不幸 ” 熄灭 ， 交通 瘫痪 了 半个 多 小时 。 经查 ， 被查 的 大 货车 属于 城市 照明 管理处 。 新华网
0,尝试 两手 交握 ， 你 是 右手 拇指 在 上 ( 上 图 )   还是 左手 拇指 在 上   ( 下图 ) ？ 尝试 换 一下 ， 是不是 感觉 像 手长 在 别人 身上 一样 别扭 ？ 刚看 了 份 文献 ， 说 这会 反映 人 的 思维习惯 。 右手 拇指 在 上 显示 接受 信息 时 优先 使用 左脑 ， 主 理性 、 语言 、 计算 、 分析 、 男性 多 ； 左手 拇指 在 上 则 是 右脑 思维 ， 主 感性 、 直觉 、 想象 ， 女性 多 。 [ 转 ]
0,【 放下 】 据说 一种 鸟能 飞越 太平洋 ， 它 需要 的 只是 一小 截 树枝 。   把 树枝 衔 在 嘴里 ， 累 了 就 把 树枝 扔 到 水面 ， 飞 落到 上面 休息 ； 饿 了 就 站 在 树枝 上 捕鱼 ； 困 了 就 站 在 树枝 上 睡觉 。 如果 小鸟 衔 的 不是 树枝 ， 而是 鸟窝 和 食物 ， 它 能 飞越 太平洋 吗 ？   人生 亦 如此 ， “ 心静 才能 持久 ， 轻囊 方能 远行 。 ” 夜 ， 安 。 图片 by @ 刘国琨
0,有生之年 ， 一起 去 看看 这个 美丽 易碎 的 世界 。 凡有 等待 ， 就 有 启程 。 — — 安妮 宝贝
1,【 竹子 还会 再长 ， 家园 定 能 重建 】 雅安 是 大熊猫 栖息地 之一 ， 大熊猫 保护 中心 碧峰峡 基地 距 芦山县 约 20 公里 ， 内有 百余 熊猫 。 地震 时 200 多 游客 与 熊猫 均 安然无恙 。 地震 时 ， 部分 大熊猫 惊慌失措 ， 不过 也 有 大熊猫 较 淡定 ， 甚至 在 地震 前后 完成 了 自然 交配 。 via 东方 早报   图为 一只 害怕 的 熊猫 死死地 抱住 警察 叔叔 的 腿 。
1,@ 中国红十字会总会   ， 你 就算 了 吧 ， 还有 脸面 纪念 “ 国际 红十字 运动 150 周年 ” ？ 中华民国 时期 有个 加入 国际红十字会 的 “ 中国红十字会 ” 。 你 这个 中华人民共和国 成立 后 的 “ 中国红十字会 ” ， 既 没 加入 国际红十字会 ， 又 没 被 它 所 承认 。 所以 ， 应该 叫做 非法 冒牌 红十字会 。
0,【 村主任 辞职 为子 办 婚宴   辞职报告 已 通过 】 近日 ， 陕西 城固县 莲花 街道 杜家 漕 村主任 马 卫东 给 儿子 办 喜宴 时 ， 因 申请报告 没 通过 ， 向 街道 提出 辞职 。 事发 后 街道办 党委 免去 其村 党支部 委员 职务 。 昨天 该村 召开 村民 代表大会 ， 最终 决定 通过 马 卫东 的 辞职报告 ， 村主任 补选 工作 将 择日 进行 。 （ 央视 记者 闫 星光   王志杰 ）
0,"“ 姑娘 ， 别 再 想着 为了 任何人 改变 自己 了 ， 什么 变瘦 变白 变 淑女 改变 小 暴脾气 小心眼 ， 说白了 都 没用 。 尽管 做 最 真实 的 自己 ， 自然 会 有人 来 好好 爱 你 。 ”   "" 请关   注 我 ， 这里 总有 一句 是 你 想 说 的话 “"
0,生命 太短 ， 没留 时间 给 我们 每日 带 着 遗憾 醒来 。 所以 去 爱 那些 对 你好 的 人 ， 忘掉 那些 不知 珍惜 你 的 人 。 （ 晚安 ）
0,# G20 峰会 # 【 喵 星人来 了 ！ G20 峰会 特殊 来宾   萌萌 哒 】 G20 峰会 正在 土耳其 举行 。 会议 期间 ， 三只 萌萌 哒 的 小猫 突然 闯入 戒备森严 、 领导人 云集 的 主会场 。 它们 肆无忌惮 地 走来走去 ， 仿佛 在 自家 后花园 散步 ， “ 视察 ” 完毕 后 满意 离去 。 英国 媒体 戏称 ， 三只 小猫 的 风头 甚至 盖过 G20 峰会 的 主角 们 。 http : / / t . cn / RU8JsZZ
0,"【 论 工作 时 喝酒 的 危害性 。 。 。 [ 衰 ] 】 13 日 ， 在 西安 做生意 的 一 男子 被 仨 绑匪 劫持 。 一路上 他 与 绑匪 "" 谈心 "" 喝酒 ， 聊 家庭 ， 聊 父母 。 "" 其中 一个 觉得 亏欠 父母 太 多 ， 哭 了 起来 ， 把 架 在 我 脖子 上 的 刀 也 放下 了 。 "" 一 绑匪 说 ， 被 抓 不会 报复 他 ， 愿 和 他 交朋友 。 赎金 也 从 120 万 降到 10 万 。 最后 男子 被 解救 ， 绑匪 被 抓 。 ( 人民网 )"
1,【 人人 网站 （ renren . com ） 将 宣布 关闭 】 消息人士 透露 ， 目前 人人 网站 高层 正 开 协调会 ， 布置 有关 善后事宜 。 另外 ， 作为 对 员工 的 补偿 ， 人人 在 香港 上市 的 股票 的 将 分给 员工 。 据 最新消息 ， 今天上午 ， 人人 网站 员工 都 在 HP 大厦 领 遣散费 。 目前 ， 人人 网站 高层 ...   ​
0,# 历史 上 的 今天 # 【 澳门 回归 16 周年 】 澳门 北邻 珠海 ， 西 与 珠海市 的 湾仔 和 横琴 对 望 ， 东 与 香港 相距 60 公里 。 自由港 ， 世界 第一 大 赌城 ， 世界 人口密度 最高 地区 之一 。 闻一多 曾 写下 《 七子 之歌   澳门 》 ， 后 被 改编 成 歌曲 ： “ 你 可知 macao ， 不是 我 真姓 ， 我 离开 你 太久 了 ， 母亲 ” 。 1999 年 12 月 20 日 零时 ， 澳门 回归 。
1,1945 年 中华民国 对苏 签订 条约 ， 苏联 重新 承认 中国 对 海参崴 的 主权 ， 但 1949 年 ， 是 谁 将 海参崴 拱手 相 送 苏联 ？ 1957 年 ， 是 谁 将 夜莺 岛 送给 越南 ？ 1960 年 ， 是 谁 将 相当于 整个 安徽省 面积 的 南坎 、 江心 坡 送给 了 缅甸 ？ 1962 年 是 谁 将 长白山 一分为二 送给 了 朝鲜 ？ 。 。 。 所有 毛粉 ， 诬蔑 别人 是 汉奸 前 ， 请 先 弄清 谁 是 真的 汉奸 ！
1,[ 他 就是 药青伟 ？ ]   药家鑫 在 看守所 唱 《 传奇 》 的 视频 泄露 之后 ， 细心 的 @ 再见 华尔街   发现 台下 领导 席中 坐 着 一位 军装 男子 ( 第 5 分钟 开始 出现 ) ， @ 云中鹤 138   认为 ： 他 可能 就是 药家鑫 父亲 药青伟 ， 是 总后 西安 军事 代表 局驻 西安 的 军代表 。 正 团级 军衔 ， 副 师级 待遇 。 http : / / t . cn / hBm1vl
0,我 喜欢 香蕉 ， 可是 你 给 了 我 一车 苹果 ， 然后 你 说 你 被 自己 感动 了 ， 问 我 为什么 不 感动 。 我 无言以对 ， 然后 你 告诉 全世界 ， 你 花光 了 所有 的 钱 给 我 买 了 一车 苹果 ， 可是 我 却 没有 一点点 感动 ， 我 一定 是 一个 铁石心肠 的 人 ！ 我 的 人品 确定 是 有 问题 的 ！ 我 只是 喜欢 香蕉 而已 啊 。 。 。 — — 借 此言 送给 所有 对 爱情 盲目 执着 的 人 。
0,【 英国 女子 生 两对 男性 双胞胎   四名 宝宝 生日 竟 同一天 】 据 外媒 报道 ， 日前 英国 一位 妈妈 生 下 一对 双胞胎 儿子 ， 这 已 是 她 生下 的 第二 对 双胞胎 。 巧合 的 是 ， 4 名 宝宝 的 生日 都 是 同一天 。 专家 称 ， 两对 双胞胎 均生 在 同一天 的 几率 小于 50 万分之一 ， 目前 全世界 仅 出现 6 例 。
0,# 热点 # 【 北京 知名 艺校 16 名 涉毒 学生 获释 】 近日 ， 北京 迷笛 音乐学校 被 警方 突袭 尿检 ， 将 16 名 尿检 呈 阳性 学生 拘留 。 至 昨日 ， 16 名 学生 在 被 拘留 3 天后 已 陆续 获释 。 迷笛 音乐学校 校长 表示 ， 担心 媒体 采访 会 对 涉事 学生 造成 压力 ， 为 保护 他们 的 隐私 ， 已 让 他们 暂时 返家 ， 待 明年 春季 开学 再 返校 。 http : / / t . cn / RUgUme3
0,陌上 红尘 ， 谁 是 渡 我 彼岸 之 人 ， 带 着 前世 的 许诺 流连 于 此岸 渡口 ， 静静 等候 伊人 的 归期 。 无奈 ， 千帆 过 尽 ， 皆 不是 我要 等 的 人 。 红尘 滚滚 太 匆匆 ， 三生石 畔 再 许愿 ： 我愿 变成 五百年 石桥 ， 经 五百年 风吹 ， 五百年 日晒 ， 五百年 雨淋 。 只为 等 你 于 某年某月 某日 某 时 ， 碎步 轻盈 ， 从 我 身上 踏过 。
0,【 成都 人贩 当街 抢娃 被 群众 围殴 】 12 月 6 日晚 9 点 30 ， 在 成都 高新 中 和 街道 楠 香山 小区 门口 ， 一名 中年男子 将 一 玩耍 的 女童 抱 走 。 正抱 上 同伙 的 车时 ， 被 群众 发现 ， 当场 逮住 一 人贩 ， 后 将 其 揍 得 面目全非 。 目前 ， 该 嫌犯 已 被 警方 控制 。 http : / / t . cn / R4hh83K
0,有个 老 木匠 即将 退休 ， 老板 舍不得 他 ， 要 他 再 建 一座 房子 再 走 。 老 木匠 虽 答应 ， 但心 已 不 在 工作 上 ， 用 的 是 差料 ， 出 的 是 粗活 。 当 房子 建好 时 ， 老板 说 这 就是 他 退休 的 礼物 。 没想到 建 的 竟是 自己 的 房子 ， 他 既 羞愧 又 后悔 。 — — 人生 每一件 事 都 是 为 自己 而 做 ， 要 做 就 做到 最好 。 经典 故事 ， 以小见大 ！
0,五月天 自爆 「 倒數 第三 張 」   瑪莎 ： 因為 沒婚 訊 可以 宣 佈 : 五月天 24 日 凌晨 舉辦 慶功宴 ， 大方 的 向 公司 同仁 表示 ， 要 把 6 個 獎項 的 60 萬獎 金 通通 捐出 來 。 不過 本來 五月天 承諾 ， 「 只要 7 個 獎全 拿 ， 就 幫 大家 加薪 。 」 後 來 唯獨 阿信 錯失 最佳 作詞 人獎 。 一 提到 此事 ， 怪獸 馬 上 伸出手 ， 搞笑 的 向 阿信 說 ： 「 謝謝 你 ！ 」 ........
1,【 酒吧 一 帅气 男子 当场 被 阉割 [ 吃 驚 ] 】 案发现场 莉莉 玛莲 酒吧 ， 一 白色 保时捷 上 下来 四人 进入 该 酒吧 将 一 男子 当场 阉割 ， 场面 极为 惨烈 及 壮观 ， 鸡毁 人亡 。 [ 衰 ] 睡 了 不该 睡 的 女人 。 大家 引以为戒 吧 ， 別乱 睡別 人 的 女人   是 要 付出代价 的 。 [ 汗 ] via ： 安 ANGEL 其
0,【 国际 黑客 组织 戴 “ V 字 仇杀 队 面具 ” 出镜 ， 宣布 对 IS 猛烈 开战 】 当地 时间 16 日 ， 国际 著名 黑客 组织 匿名 者 （ Anonymous ） 在 网络 上 发布 视频 ， 向 “ 伊斯兰 国 ” 宣战 ， 并称 将会 “ 发起 有史以来 最大 的 行动 ” 。 “ 请 期待 大规模 网络攻击 。 战争 开始 了 。 请 做好 准备 。 ” http : / / t . cn / RU8AE9r （ 澎湃 ）
0,人 这 一生 总会 爱上 那么 一个 人 ， 他 可能 并 没有 多好 ， 你 只是 刚好 就 喜欢 那 几分 好 。 他 的 一分 关心 让 你 放弃 了 十分 的 甜言蜜语 ， 一分 坦诚 放弃 十分 信誓旦旦 ， 再 加 一分 在意 便 像 让 你 得 了 全世界 。 这 叫 偏爱 。 因为 偏爱 ， 所以 一意孤行 。 没有 理由 ， 只 因 你 灵魂 缺失 的 一角 只有 他 能 补全 。 晚安 ！
1,"【 患癌 女子 咳出 肿瘤 痊愈   将 申 吉尼斯 纪录 】 英 一名 女子 一次 吃药时 狂咳 不止 ， 后 竟然 咳出 约 2 厘米 长 的 肿瘤 组织 。 医生 说 ， 如果 肿瘤 没 被 咳出 ， 她 的 存活 几率 不 超过 五成 。 “ 医生 对 我 说 ， 看上去 你 咳 掉 了 癌症 , 恭喜 。 ” 她 决定 申请 吉尼斯世界纪录 ， 当 世界 上 首个 咳出 完整 肿瘤 组织 的 人 。 http : / / t . cn / zl7mQP6   @ 江苏 新闻"
0,香港 女歌手 @ 王菀 之 Ivana   今天 在 微博晒 出 和 男友 @ EricSo 蘇勳   的 恩爱 照 ， 疑似 公布 婚讯 ， 写道 “ 遇上 你 太 感恩 ， 不迟 亦 不 早 。 感谢 天父 ， 感谢 父母 ， 感谢 大家 ” 。 粉丝 们 也 纷纷 送上 祝福 [ 心 ] 今年 王菀 之 还 获得 了 金像奖 最佳 女配角 和 新 演员 。 真是 爱情 事业 双丰收 [ good ] → http : / / t . cn / RUO6fNQ   # 王菀 之 结婚 # 恭喜 ！
0,【 当年 被 她 收留 的 小 “ 乞丐 ” ， 要 拿 百万 支票 报恩 】 1993 年 ， 17 岁 的 何荣锋 等 3 人到 浙江 打工 ， 遭遇 小偷 身无分文 ， 沿路 乞讨 。 戴杏芬 得知 后 为 他们 做菜 ， 还 送 30 元 钱 和 食物 。 20 年 后 ， 已 是 家具厂 老板 的 何荣锋 ， 拿 百万 现金支票 报恩 ， 遭到 戴 女士 拒绝 。 近日 他 又 来 看望 恩人 。 http : / / t . cn / RUub5pN 感动 ， 感恩 ！ [ 心 ]
0,【 父母 抛弃 瘫痪 儿   保姆 留守 “ 危房 ” 照顾 37 年 】 37 年前 ， 福建 晋江 ， 庄 茉莉 受雇 到 一户 从 香港 回来 的 夫妇 家中 当 保姆 ， 照顾 “ 大头 ” 。 之后 这 对 夫妇 便 狠心 地 丢下 刚 满月 孩子 ， 返回 香港 再 无 消息 。 当时 庄 茉莉 家中 已有 四个 孩子 ， 日子 也 不好过 ， 一 咬牙 ， 便 带 “ 大头 ” 回家 照顾 ， 一晃 便是 37 年 [ 赞 ] 。 via . 新闻晨报
0,【 中产阶级 最新 十大 标准 出炉   看看 你 符合 几个 [ doge ] 】 日前 有 报道 称 ， 中国 中产阶级 人数 超 两亿 。 到底 什么样 算 中产 ？ ① 月 收入 4.5 万 ② 有豪车 洋房   ③ 要 有 百万 级 的 流动资产   ④ 有 较 高 的 社会 地位 ， 良好 的 教育 背景   ⑤ 有 良好 的 穿衣 品味 … … 不 说 了 ， 小 编先 哭 一会 。 [ 伤心 ]   戳 图 ↓ ↓   有 信心 的 小伙伴 数数 你 符合 几个 ？
1,2011 年 应该 是 “ 转基因 末日 ” 。 转基因 食品 / 饲料 有害 性 的 证据 ， 正在 一个 一个 披露 ： 美国 饲喂 转基因 大豆 的 猪 牛 大规模 流产 ， 加拿大 发现 转基因 玉米 中 带有 的 Bt 能 穿透 胎盘 进入 人类 胎儿 ； 在 500 米 隔离带 之外 ， 转基因 片段 出现 在 水土 中 。 这些 科学 的 发现 ， 给 转基因 食品 安全性 辩论 画 了 句号 ： 有毒 有害 ， 不可 应用 。
0,不要 那么 敏感 ， 也 不要 那么 心软 ， 太 敏感 和 太 心软 的 人 ， 肯定 过得 不 快乐 ， 别人 随便 的 一句 话 ， 你 都 要 胡思乱想 一整天   。 敏感 和 心软 都 因为 太 在乎 别人 ， 活 不 出自 我 ， 可 世上 偏偏 没 那么 多 的 将心比心 ， 你 的 好 往往 会惯 出 得寸进尺 的 贱人 ， 太过 考虑 别人 的 感受 ， 注定 自己 不好受 。
0,【 浙江 梯田 春耕 季   水墨 氤氲 上演 “ 天堂 曲线 ” [ 心 ] 】 谷雨到 ， 春耕 忙 。 一年一度 春耕时节 的 到来 ， 使 江南 烟雨 也 多 了 一份 播种 的 喜悦 。 在 浙江省 宁海县 黄坛 镇 的 山丘陵 间 ， 身着 簑衣 的 老人 牵着 耕牛 缓步 走过 ， 层层叠叠 的 梯田 在 光影 下泛 着 片片 银光 ， 好似 一幅 如诗似 梦 的 田园 风情画 。 [ 赞 ] 戳 ↓ 一 起来 欣赏 ！
0,【 男子 嗜酒如命   求 母亲 将 其 锁住 】 30 岁 的 张瑞 嗜酒如命 ， 平时 温柔 的 他 一旦 喝酒 之后 ， 变得 异常 暴躁 、 辱骂 打人 。 如今 的 张瑞 赶跑 了 媳妇 、 吓 走 了 孩子 ， 原本 完整 的 家庭 支离破碎 。 每次 酒醒 以后 他 懊悔不已 ， 求 母亲 用用 4 米长 、 重达 20 多斤 的 铁链 锁住 自己 ， 以防 酒瘾 上来 挣脱 。 http : / / t . cn / RUDc4XX
0,# 拍案 # 【 宁波 有 69 套房 产房 警获刑 2 年 】 去年 11 月 ， 浙江 宁波 民警 沈某 被 举报 持有 两个 身份证 ， 拥有 69 套 房产 。 正常 工作 、 结婚登记 等 都 在 真的 身份证 上 ， 其他 房产 登记 都 在 另外 一个 身份证 上 ， 逃避 产权 实名 登记 。 近日 ， 沈某 因 伪造 国家机关 印章 罪 、 伪造 公司 企业 事业单位 印章 罪 ， 被 判刑 两年 。 http : / / t . cn / RUEOhDW
0,# 快讯 # 【 伦敦 警方 引爆 地铁站 附近 可疑 车辆 】 据 《 联合早报 》 20 日 报道 ， 伦敦 地铁站 附近 发生爆炸 ， 有 民众 称 在 贝克 街 听到 巨大 的 爆炸声 ， 许多 乘客 在 高峰 时间 被 疏散 。 警方 证实 ， 因为 在 靠近 伦敦 贝克 街 地铁站 附近 有 一辆 可疑 汽车 被 遗留 在 那里 ， 因此 警方 将 它 引爆 。 目前 英 警方 并 没有 针对 被 引爆 的 车辆 公开 更 多 详情 。
1,【 严正 抗议 联合国 造谣 】 近日 ， 联合国 首次 公布 《 全球 幸福 指数 报告 》 ， 在 被 调查 的 156 个 国家 中 ， 北欧国家 丹麦 、 芬兰 、 挪威 分列 前 三 ， 被 认为 是 世界 上 最 幸福 的 国家 。 我们 伟大 的 复兴 之路 已 走 了 62 % 的 中国 排名 112 位 。 再 看看 我们 排名 的 左邻右舍 。 顿时 ， 我 感觉 自己 像 一只 长满 毛 的 猴子 在 原始森林 里 觅食 ； @ 叶匡政
0,第 52 届 # 金马奖 # 结果 揭晓 。 影帝 @ 冯小刚   则 表示 应该 入围 新人奖 ， 以后 再也 不 主演 电影 了 。 @ 电影 刺客 聂隐娘   获得 五项 大奖 成 最大 赢家 ， 68 岁 的 侯孝贤 获最佳 导演 ， 并 表示 想 再 拍 唐朝 戏 ， 还要 再 拍 十年 电影 ； @ 林嘉欣 Karena   十三年 后 再 得 金马 ， 实现 新人奖 、 女配 、 女主 大满贯 。 参与 调查 ： http : / / t . cn / RUuuFux
0,【 枪下 留人 ！ 最高 法 紧急 下令 暂缓 运毒 7.5 公斤 农民 死刑 执行 】 “ 伙同 ” 他人 运毒 7.5 公斤 ， 王 广建 两审 均 被 法院 判处死刑 。 就 在 行刑 前 最后 时刻 ， 根据 新 发现 的 证据 ， 录音 中 毒贩 亲口说 王 广建 不 知道 驾驶 的 货车 上面 有 毒品 。 最高人民法院 罕见 地 启动 了 暂缓执行 死刑 的 程序 ， 俗称 “ 枪下 留人 ” 。 此案 将 重新 裁定 。
1,【 传 三星 赔偿 苹果 30 卡车 5 分 硬币   苹果 数惨 了 】 据国 媒体报道 ， 今天上午 30 辆 装满 5 美分 硬币 的 的 卡车 停 在 了 加利福尼亚州 的 苹果公司 的 总部 。 数分钟 之后 ， 蒂姆 • 库克 （ 苹果公司 CEO ） 收到 一个 来自 三星 CEO 的 电话 ： 这些 硬币 就是 他们 将要 支付 给 美国苹果公司 的 10 亿美元 的 罚款 。 [ 哼 ] http : / / t . cn / zW3ENjx
0,[ GO   SHOW ] 胜利 没有 扔 手链 . 扔 在 手里 拿 着 时 手链 ( 价值 两百万 韩币 ) 脱落 摔 的 粉碎 ， 所以 在 休息 的 时间 找 着 手链 的 碎块 ， 连 背景 板 底下 都 拿手 去 摸 。 胜利 嘟囔 着 ： ＂ 那 是 志 龙哥 送给 我 的 ， 很 珍贵 的 礼物 ， 如果 看见 了 一定 要 告诉 我 。 ＂ 拜托 在 节目 播出 之前 不要 传播 胜利 摔 手链 流言 。 cr : partnervi + mystifis
1,【 感谢 香港廉政公署 ， 郭美美 真相 浮出 水面 ！ 】 据 香港 TVB 电视台 报道 ， 伯明翰 主席 杨家 诚 被 香港 警方 抓走 ， 罪名 是 巨额财产 不明 。 更 多 消息 还 在 进一步 调查 了解 中 。 十字 会 郭 会长 挣 的 钱 流到 香港 让 杨家 诚 洗钱 ， 郭美美 出事 了 大陆 的 公 - 安 不敢 管 ， 但 香港 的 廉政公署 顺着 这个 线索 把 杨嘉诚 挖出来 了
0,【 奶粉 之后 ， 下 一个 限购 会 是 尿不湿 吗 ？ 】 据 中国 新闻网 ， 自上 月 实施 限奶令 ， 缓解 了 香港 “ 奶粉 荒 ” ， 但 另 一波 “ 尿片 荒 ” 却 已 悄然 而 至 。 纸尿片 已成 水客 扫货 首选 ， 多 间 药房 均 已 售罄 。 另据 钱江晚报 ， 几天 前 ， 宁波 海关 打 掉 一个 走私 花王 纸尿裤 的 公司 。 该 公司 共 走私 花王 纸尿裤 57 万余 包 ， 够 5 万 新生儿 用 半年 。
1,需要 小孩 的 衣服 ， 新旧 不 限   四川 藏族 地区 ， 也 是 世界 海拔 最高 的 地区 。 如果 您 周围 有四到 十岁 孩子 的 旧衣服 和 鞋子 ， 洗 干净 就 可以 。 因为 现在 小朋友 衣服 少 ， 捐 的 人少 ， 所以 这个 岁数 的 孩子 缺 衣服 。   地址 ： 甘孜藏族自治州 石渠县 西区 长沙 贡马 乡 小学 ，   邮编 ： 627350 ， 校长 ： 达洼 18923491809 。
1,好心人 帮忙 转发 下 ！ 昨日 福建省 泉州市 警察局 抓 到 几个 拐卖 小孩 犯罪团伙 ， 现场 获救 了 一名 5 岁 的 小孩 。 因 他 还 小 ， 说不清楚 自己 家 的 详细 地址 ， 他 是 云南 昭通市 人 ！ 福建省 泉州市 公安局 、 也许 你 简简单单 的 转发 ， 就 能 帮 他 找到 他 的 家人 。 让 他们 一家 团圆 ！ 请 看到 的 每 一个 朋友 都 能 帮忙 转 一下 ！ 就是 这位 小男孩
0,【 今天 ， 紫禁城 的 瑞雪 [ 心 ] 】 片片 互 玲珑 ， 飞扬 玉漏 终 。 白雪 红墙 ， 恍如隔世 。 ( via @ 故宫博物院   )
0,# 城管 的 一天 # 【 正 播报 全国 5 市 城管 执法 】 城管 ， 一个 充斥 着 争议 和 多 色彩 的 职业 。 在 被 质疑 同时 ， 很多 城管 队员 也 认为 自己 遭到 误解 。 为 让 大家 真实 了解 这一 职业 ， 新浪 直播间 联合 珠海 、 温州 、 南通 、 武汉 、 嘉兴 城管 部门 ， 全程 跟踪 执法 ， 真实 呈现 城管 的 一天 ， 戳 链接 ： http : / / t . cn / RUmApi6
1,【 深圳 城管 直接 开车 碾压 收 报纸 老人 】 这次 摄像头 没 失灵 ， 深圳 再 一次 走 在 了 全国 前面 。 城管 抢走了 收废 报纸 老人 秤 ， 老人 向 城管 索要 ， 坐在 车前 不起 ， 城管 的 汽车 直接 从 老人 身上 活活 碾压 过去 ， 老人 目前 生命垂危 。 向 报道 此事 的 深圳 电视台 致敬 ， 求 大家 扩散 人 肉 这帮 人渣 。 http : / / t . cn / zOex2Al
1,河南 漯河 房管局 副局长 枪顶 记者 头问 “ 要 不要 一枪 打死 你 ” ？   局长 说 ， 下次 再敢 来 采访 一枪 打死 你 。 哎 ， 在 中国 做 记者 。 。 。
0,每每 看到 孩子 们 嬉笑 玩耍 的 时候 ， 咯咯 的 笑 个 不停 ， 我 就 歪 着 脖子 想 我 小 的 时候 也 这样 吧 。 很多 东西 在 现在 已经 没有 了 记忆 ， 不 知道 那 是不是 遗憾 ， 我 想 应该 是 的 ， 好 与 不好 ， 那 都 是 一步步 走 过来 的 路 ， 留给 我 的 远不止 拍张 照片 那么 简单 。
0,【 晚安 。 土豆 】 我 微笑 时 ， 如果 你 懂 ， 只要 握紧 我 的 手 ， 对 我 微笑 就够 了 。 我 哭泣 时 ， 如果 你 懂 ， 只要 借 我 一个 肩膀 ， 静静 陪 我 就 够 了 。 我 委屈 时 ， 如果 你 懂 ， 只要 给 我 你 的 怀抱 ， 让 我 只 在 你 面前 脆弱 就够 了 。 全世界 都 可以 不 懂 ， 如果 你 也 不 懂 ， 我 还有 什么 话 可 说 。 （ 张杰 《 何必 要 在 一起 》 ）   http : / / t . cn / zOojo3R
0,这 腿法 ， 简直 就是 。 。 。 。 http : / / t . cn / RUHUAhb
1,杨振宁 【 物理学 与 佛教 】 佛教 与 科学 是 彻底 相容 的   因为 对 科学 感兴趣 ， 我 高考 时 报考 了 物理系 。 在 大学 读书 时及 毕业 后 就 对 佛学 兴趣 日 浓 。 今天 我 想 从 科学 的 角度 谈谈 我 的 佛教 观 。   佛教 是 科学 的 、 理性 的 … …   @ 牟原山
0,【 北京 宣武门 外国人 猥亵 女子 案 】 据称 已 按照 治安案件 处理 ， 拘留 加 罚款 。 1 、 是否 强奸 未遂 ？ 学 刑法 的 都 得 承认 证明 故意 很难 ， 尤其 面对 一个 言语不通 又 不敢 刑讯逼供 的 家伙 ， 所以 一 开始 我 就 判断 不 可能 按照 强奸 处理 。 2 、 应 按照 强制 猥亵妇女 罪 处理 ， 客观 上 已经 在 公共场所 实施 行为 ， 在 主观 上 当然 伴随 着 认识 。
1,1   闯红灯 ， 6 分 ， 罚 100 元   2   酒驾 ， 12 分 、 5 年内 不得 再 考取 驾照   3   不系 安全带 ， 记 3 分 ， 罚 100 元   4   副 驾不系 安全带 ， 记 1 分 ， 罚 50 元 。   5   行驶 中 打 手机 ， 记 3 分 ， 罚 100 元 。   6   行驶 中 抽烟 ， 记 1 分 ， 罚 100 元 。   7   有意 遮挡 号牌 ， 记 12 分 ， 顶额 处罚 。   8   超速 驾驶 ， 记 6 分 。   9   副驾驶 不满 14 周岁 乘坐 ， 记 6 分 ， 罚 300 元 。
1,路透社 9 月 11 日 13 : 06 分 短讯 ： 中国 东海舰队 徐州 号 护卫舰 和 一艘 宋级 柴电 常规 动力 潜艇 以及 两艘 海监 船 在 钓鱼岛 海域 与 日本 金刚 号 、 足 柄 号 宙斯 盾级 驱逐舰 和 白 根号 护卫舰 发生冲突 。 双方 互相 开火 射击 ， 并 动用 了 舰舰 导弹 ， 冲突 持续 45 分钟 。
0,又 是 一年 高考 结束 ， 每年 围绕 高考 总会 发生 很多 小 故事 。 一起 分享 你 的 高考 故事 吧 。 # 那 一年 高考 #   “ 学大 教育 微小 说 ” 创意 有奖 活动 正式 开始 ！ 参与 即 有 机会 赢得 价值 百元 的 品牌 便携 运动 水壶 。 关注   @ 学大 教育   ， 并 转发 此条 微博 ， 在 评论 中 附上 你 的 # 那 一年 高考 # 微小 说 ， 即可 参加 活动 。 更 多 活动 详情请 见 图片 。
0,# 夜读 小札 # 年轻 的 我们 心脏 都 是 比较 小 的 。 一点 苦难 放进去 ， 都 显得 大 。 长大 了 的 人 ， 心脏 就 变大 了 。 即使 更大 的 悲伤 装进去 ， 也 照样 可以 冷漠 的 离开 ， 平静 的 遗忘 。 所以 忍耐 吧 。 有天 我们 的 心脏 会长 得 比 悲伤 大 。 — — 寂地 《 踮脚 张望 的 时光 》
0,【 韩国国防部 确认 朝鲜 已 进行 核试验 】 韩国国防部 12 日 确认 朝鲜 已 进行 第三次 核试验 。 据 当地 媒体报道 ， 韩国国防部 表示 ， 朝鲜 核试验 爆炸 估计 为 6000 吨 至 7000 吨 TNT 当量 。 韩国 军方 也 于 当天 正式 进入 对应 朝鲜 核试验 的 紧急状态 。 据 报道 ， 韩国 和 美国 把 对 朝 情报 监视 态势 提升 了 一个 级别 。 （ 新华社 ）
0,# 第十三届 北京 领养 日 # 【 邀请函 】 12 月 30 日 ( 周日 ) 下午 1 - 5 点 ， 我们 将 在 朝阳门外 的 @ 悠唐 广场   举办 第十三届 北京 领养 日 活动 ， 本次 为 @ ARB 动物 之友   专场 。 邀请 每 一位 屏幕 前 的 你 参加 。 如果 明天 的 末日 没有 如约 而 至 ， 那 就 和 这些 曾经 流浪 的 猫猫 狗狗 有个 全新 的 约定 吧 ！ 你 我 约定 ， 不离 不弃 ， 相伴 终生 ！
0,# 健康 时间 # 【 警惕 ！ 这 八个 习惯 最毁 腰 】 1 . 久用 电脑 。 2 ． 低头 看 手机 、 阅读 。 3 ． 座椅 柔软 、 倾斜 。 4 ． 长期 开车 。 5 ． 软床 、 低 枕 、 不良 睡姿 。 6 ． 缺乏 运动 或者 运动 不当 。 7 ． 生活 中 的 劳动 姿势 不当 。 8 ． 缺乏 户外运动 。 忙碌 工作 让 很多 人 失去 了 晒太阳 的 机会 ， 钙质 难以 吸收 ， 造成 机体 组织 、 骨骼 的 脆弱 。
0,【 重庆 不 雅 视频 爆料 人称 6 条 视频 系 警方 线 人 提供 】 据 新华社 报道 ， 重庆 不 雅 视频 爆料 人 朱瑞峰 说 ， 重庆 警方 称 视频 系肖烨 犯罪团伙 成员 许社卿 ( 已 批捕 ) 向 其 提供 ， 他 表示 这 并 不 符合事实 。 朱瑞峰 说 ， 他 手中 共有 7 段 重庆 官员 不 雅 视频 ， 其中 许社卿 提供 1 条 ， 另外 6 条为 重庆 公安系统 内 的 线 人 提供 。 http : / / t . cn / zYLPrsq
1,瑞安 强拆 事件 。 对 一个 孩子 下此 毒手 。 小孩 全身 多处 被 强拆 者 砍伤
0,【 严冬 中 ， 谁 抢走了 流浪者 棉被 大衣 】 由 中国社科院 教授 @ 于 建嵘   发起 的 @ 街头 随手 救助   活动 近日 向 北京街头 流浪者 发放 棉被 、 大衣 、 棉 鞋袜 ， 但 发放 后 不久 就 被 一群 不明 身份 的 人 收走 。 活动 志愿者 樊银华 表示 ， 这种 情况 去年 冬天 也 曾 出现 。 “ 不明 身份 ” 者 究竟 何人 ， 为何 这么 做 ？ （ via   新华社 中国 网 事 ）
1,# 福州 有 爱 #   好心人 帮忙 转发 下 ！   昨日 福建省 泉州市 警察局 抓 到 几个 拐卖 小孩 犯罪团伙 ， 现场 获救 了 一名 5 岁 的 小孩 。   因 他 还 小 ， 说不清楚 自己 家 的 详细 地址 和 家里 的 电话 。 只 知道 他 是 云南 昭通市 人 ！   也许 你 随手 的 一个 转发 ， 就 能 帮 他们 一家 团圆 ！ ！ [ 心 ]   （ 来源 ： @ 李思坤 ）
1,紧急 提示 雅安 地震 赈灾 中 的 工作人员 ： 在 没有 医药 的 情况 下 ， 在 患者 伤处 敷 很 薄 的 生 土豆片 可以 快速 使 伤口 愈合 、 消肿 ， 而 给 患者 喝 生土 豆汁 也 可以 快速 补充 能量 ， 促进 康复 。 比 很多 “ 特效药 ” 都 管用 ， 此 方法 如果 能 推广 ， 可以 节省 大量 医药 成本 ， 也 能 降低 医疗 难度 。 有 不明 之 处 可以 咨询 我们 ， 电话 ： 13810039863
0,【 河南 13 岁 女孩 疑因 学习 差 被 亲妈 打死   】 13 日晚 ， 鹤壁 一 13 岁 女孩 送医 前 死亡 。 此前 ， 女孩 在家 被 妈妈 “ 教育 ” 。 民警 初步 了解 ， 女孩 疑因 与 同学 发生 口角 ， 且 学习 没 达到 妈妈 预期 被 棍子 打屁股 。 父亲 经常 在外 打工 ， 事发 时 不 在家 。 目前 孩子 母亲 已 被 刑拘 ， 具体 死亡 原因 待 尸检 结果 。 http : / / t . cn / RUQTwhv 大河 报
0,【 年纪 大 了 ， 要 加快脚步 看 世界 ！ 】 “ 去 欧洲 ， 你 会 感受 到 西方 的 文明 ； 去 看 尼亚加拉 瀑布 ， 你 会 感受 到 大自然 的 鬼斧神工 ； 去 梵蒂冈 ， 你 会 感受 到 历史 人文 的 厚重 … … ” 王启思带 着 老伴 玩 了 12 年 ， 还要 继续 “ 加快脚步 ” 。 他 鼓励 不管 是 年轻人 还是 老年人 ， 都 应该 要 多 去 外面 的 世界 看一看 。
1,赵小平   这是 一个 邪恶 的 社会 吗 ？ 河南 强拆 ： 22 岁 少女 讨说法 被 禽兽 马路上 扒光 衣裳 示众 。 河南 许昌 房屋 遭 强拆   20 岁 少女 讨说法 被 扒 光 上衣 受辱   河南 许昌市 东城区 “ 恒达 · 名门 尚居 ” 强拆 现场 ， 禽兽 拆迁 人员 扒 掉 戚小芳 （ 22 岁 ） 的 上衣 羞辱 。 记者 连线 打人者 ， 打人者 称 ...   http : / / t . cn / zTyjcXF
0,【 如果 你 遇到 一个 银行 妹   不要 犹豫 快 把 她 娶 回家吧 】 因为 她们 一直 在 监控 摄像 下 工作 ， 养成 了 规规矩矩 的 好 习惯 。 因为 客户 越来越 难 伺候 ， 就 得 越来越 学会 忍气吞声 骂不还口 。 因为 加班 开会 考试 培训 一大堆 ， 下班 就 只 想 回家 不会 出去 夜夜 笙歌 ， 回家 叹口气 吃个面 也 很 满足 如果 你 遇到 一个 银行 妹 ， 不要 再 犹豫 了 。
0,【 转 】 计较 和 怨恨 是 一座 牢 ， 宽容 是 唯一 的 钥匙 。 人 ， 计较 什么 ， 就 被 什么 困扰 ； 怨恨 什么 ， 就 被 什么 禁锢 。 困扰 的 是 快乐 的 心 ， 禁锢 的 是 自由 的 灵魂 。 计较 和 怨恨 ， 是 你 亲手 为 自己 打造 的 牢 。 想要 摆脱 ， 不是 因 计较 而 得手 ， 不是 怨恨 的 对象 倒 了 霉 ， 而是 宽容 。 宽容 化解 了 纷争 ， 没有 了 纷争 ， 心 无处 不 自由 而 快乐 。
1,@ 全球 飞报 :     你 知道 我 男人 是 谁 吗 ？ ！ 在 北京 朝阳门 一辆 MINI 。 此车 无牌 无证 。 在 马路上 多次 违章 。 闯红灯 超速 。 差点 把 一位 过 马路 老奶奶 撞倒 。 被 交警 拦下 后 对 记者 、 交警 大呼小叫 。 气焰 极其 嚣张 ！ 女子 叫嚣 道 ： “ 你 知道 我 男人 是 谁 吗 ？ 说 出来 吓死 你们 ！ ” 原来 她 的 老公 是 北京市 人民法院 副 院长 赵航 ， 吓死 我 了 。
1,"【 为 "" 爱 "" 当 "" 人 肉 奶粉罐 ""   香港海关 查获 第一 起 人体 藏 奶粉 出境 案 】 图为 从 该 女子 体内 排出 的 奶粉 包 。 3 月 1 日晚 ， 香港海关 查获 一起 年青 女子 人体 藏 奶粉 案件 ， 涉案 奶粉 达 2000 克 。 该 女 2 月 29 日 入港 ， 出于 对 孩子 的 “ 爱 ” ， 竟然 无视 特区 法律 ， 甘当 “ 人 肉 奶粉罐 ” 。 目前 ， 该案 已 移交 香港海关 缉奶 部门 作 进一步 侦办 。"
1,"卫生部长 陈竺 接受 采访 时说 ： 我们 免费 为 一 农村 大妈 做 了 白内障 手术 。 当 摘下 纱布 时 她 看见 了 , 她 的确 要 感谢 党 ！ 感谢 政府 ！ 靠 她 自己 ， 她 一辈子 也 做 不起 手术 。 崔反 问道 ： 她 辛苦 一辈子 ， 连 个 白内障 手术 都 做 不起 ， 那 她 得 恨 谁 呢 ？ （ 转 ） 更 多 震惊 @ 地球 人 震惊 了"
0,【 残疾 猫 在 玩伴 狗 患癌 死亡 后 绝食 去世 [ 泪 ] 】 长沙 的 严 女士 家里 一只 叫 “ 洁洁 ” 的 公狗 上个月 因 癌症 去世 。 家中 那 只 曾 被 “ 洁洁 ” 照顾 过 的 、 感情 深厚 的 、 伴 它 度过 最后 三个 月 的 残疾 猫 ， 不惜 绝食 半个 月 追随 “ 洁洁 ” 而 去 [ 蜡烛 ] 。 主人 说 ， 动物 之间 是 有 灵性 的 ， 它们 的 感情 ， 人类 都 不 一定 懂 。   http : / / t . cn / zYgJfzn
1,【 那些 伤感 的 事 】 小平 访英 ， 看到 涡轮 发动机 ， 英国人 很 爽快 答应 引入 中国 生产 ， 小平 向 英国 科学家 致敬 ， 但 英国人 站 起来 反而 向 邓 致敬 。 原来 中国 科学家 吴仲华 50 年代 研究 出 涡轮 发动机 原理 ， 并 写出 涡轮 机械 三元 流动 方程式 的 论文 ， 英国人 据此 造 出 涡轮 发动机 。 当时 吴仲华 还 在 湖北 五七干校 养猪 。 时代 的 悲剧 ！
0,在 创业 小 公司 里 ， 每个 人 都 是 多面手 ， 扮演 多种 角色 ， 互相支持 。 虽然 你 的 主要 工作 是 软件 工程师 ， 但 接到 客户 电话 时 ， 你 是 客服 员 ； 招聘 时 ， 你 是 HR ； 协助 公司 宣传 时 ， 你 是 PR ； 看到 门口 有 陌生人 时 ， 你 是 保安 ； 教导 新人 时 ， 你 是 培训师   ...   这些 事 或许 很杂 很累 ， 但会 让 你 成长 迅速 。
0,# 星 娱星乐 # 一个 朋友 和 一个 送 外卖 的 帅哥 之间 的 故事 。 温馨 有 爱 ， 令人感动 。
1,动 刀枪 者 死 于 刀枪 ！   严少雄 4   :   重庆 这回 又 出名 了 【 周克华 生死 不明 】 近日 ， 某 组织 调查员 从 段志鹏 的 同学 同事 和 亲友 处 ， 直级 而 非 间接 地 ， 得到 了 不容置疑 和 最 明确 的 答覆 ： “ 段志鹏 ， 死 了 ！ ” 而 周克华 生死 不明 。 现场 死者 是 湖南省 长沙市 雨花 公安分局 雨花 派出所 的 民警 段志鹏 。 图为 段 父母 喊冤 ， 段父 是 资深 警官
0,# 晚安 #   有些 人 之所以 不断 成长 ， 就 绝对 是 有 一种 坚持下去 的 力量 。 好 读书 ， 肯 下功夫 ， 不仅 读 ， 还 做 笔记 。 人要 成长 ， 必有 原因 ， 背后 的 努力 与 积累 一定 数倍 于 普通人 。 所以 ， 关键 还 在于 自己 。 — —   杨 绛
1,"查 地沟油 的 记者 李翔 ， 死 了 ,   身中 10 余刀 ， 惨死 。 他 为 全国 不能 吃 特供 的 十多亿 人民 的 食品安全 努力 过 。 他 付出 了 年轻 的 生命 。 为了 我们 的 健康 ， 他 付出 了 年轻 的 生命 。 我们 能 为 他 做 的 就是 ： 请动 一下 鼠标 ， 转发 ， 表达 一下 谢意 。   - 紫焉"
1,【 城管 为了 赶走 路边 卖 小 动物 的 小贩 ， 把 小 动物 全部 活活 踩死 】 因为 小贩 收摊 慢 了 点 ， 城管 把 小 动物 活活 摔死 ， 有 小狗 、 小兔子 、 小 乌龟 和 宠物 鼠 。 小兔子 被 踩扁 了 ， 小狗 的 嘴里 被 踩 出 了 鲜血 ， 好多 动物 都 摔成 一团 ！ ！ 就算 你 要 管理 ， 但是 也 请 你们 珍惜 生命 。 （ via 夜 D 百合 ）
0,【 趣味 测试 】 看看 你 的 名字 在 古代 是 什么 职业 ， 太 让 人 崩溃 了 。 哈哈 ~ \ ( ≧ ▽ ≦ ) / ~ 。 虽然 无聊 ， 但 很 有趣 哦
0,"大家 都 説 我 變 漂亮 了 ， 謝謝牙醫 。 [ 可爱 ] 牙齒 咬合 不正 的 人 我 完全 支持 你們 立馬去 帶牙套 ， 你 人生 絕對會 不 一樣 。 不要 怕 痛 "" 痛一陣子 ， 美一輩子 """
0,# Lifestyler   UK 潮流 志 # 4 月 16 - 21 日 ， 是 伦敦 Alternative   Fashion   Week 另类 时装周 。 有 超过 80 位 从 世界各地 来 的 新锐 设计师 的 作品 齐聚 在 Spitalfields   Traders   Market （ E1   6AA ） 。 每天 1 : 15pm 都 会 有 一场 fashion   show ， 免费 给 大众 欣赏 。 同时 也 会 有 衣服 、 饰品 的 摊位 ， 大家 去 挑挑 看 有没有 自己 喜欢 的 吧 。
1,【 交通 新规 】 2013 年 1 月 1 日 施行 : 1 闯红灯 ， 记 6 分 ， 罚 100 元 。 2 酒驾 ， 5 年内 不得 再 考取 驾照 。 3 不系 安全带 ， 记 3 分 ， 罚 100 元 。 4 副 驾不系 安全带 ， 记 1 分 ， 罚 50 元 。 5 行驶 中 拨打 手机 ， 记 3 分 ， 罚 100 元 。 6 行驶 中 抽烟 ， 记 1 分 ， 罚 100 元 。 7 有意 遮挡 号牌 ， 记 12 分 ， 顶额 处罚 。 8 超速 驾驶 ， 记 6 分 。
0,主持人 康辉 ： 2015 年 网络 热词 — — “ 然 并 卵 ” ， 形象 表现 出 我们 面对 事时 的 无力感 。 幸好 ， 生活 中有 这么 一些 人 ， 认清 了 生活 的 真相 后 ， 依旧 热爱生活 ， 他们 是 推动 社会 发展 的 振奋 力量 ， 在 嘈杂 的 世界 中 坚持 发出 令人鼓舞 的 理性 声音 。 “ 影响 中国 ” 年度人物 颁奖典礼 ， 就是 要 表彰 这样 的 人 [ good ] # 影响 中国 年度人物 #
0,【 黄洋 父亲 ： 还 了 儿子 一个 公道 】 复旦 投毒案 犯 林森 浩 的 家人 今日 透露 ， 最高 法已 下发 核准 林森 浩 死刑 的 裁定书 。 对此 ， 投毒案 被害人 黄洋 父亲 黄国强 表示 感到 很 欣慰 ， 称 这个 裁定 也 还 了 儿子 一个 公道 ， 将 组织 儿子 的 外公 等 一 大家 人 下午 准备 去 给 黄洋 上坟 。 http : / / t . cn / R477SGl
0,颜强 ： 新闻 已死 ？ 随便 爆出 一条 消息 ， 不论 郭美美 ， 还是 谁 ， 总有 无数 的 评论 转发 。 人人 都 是 媒体 ， 可 大家 都 在 急于 互动 、 急于 表白 自己 的 立场 、 急于 宣扬 自己 的 观点 ， 还有 谁 去 认真 “ 调查 和 报道 ” 相关 事件 、 现象 或 潮流 ？ 新闻 未必 死 了 ， 新闻 肯定 更 浮躁 了 。 人人 都 是 媒体 ， 媒体报道 的 ， 恐怕 真正 的 新闻 会 越来越少 。
0,@ 立伟王 小胖   说 ， 我 不 相信 微博能 给 我 带来 爱情 。 如果 这样 的 姑娘 居然 不能 在 新浪 微博上 找到 爱人 ， 那么 新浪 微博 肯定 上 不了 市 。 @ 老沉
1,这是 一位 94 岁 的 老奶奶 ， 老伴 死 了 ， 两个 儿子 在外 打工 ， 每天 捡 垃圾 捡 到 凌晨 两点 ， 不足 五点 又 要 去 捡 ， 每天 只 赚 5 、 6 块 ， 生病 了 也 不 去 医院 。 每转 一次 腾讯 公益 就 会 给 她 一毛钱 ， 不 勉强 ， 有 良心 的 人 自然 会转 。 帮帮 这位 可怜 的 老人 吧 ， 若 觉得 脏 了 你 的 微信 可不 转 ！ http : / / t . cn / zjeR9ON
1,"【 除了 双膝 跪倒 ， 普通 中国 人 还 能 怎么办 ？ 】 — — 为了 保住 学校 ， 家长 已经 坚持 了 四天 — — 浙江省 缙云县 大洋 镇 中心 学校 ， 被 纳入 “ 撤并 ” 对象 ， 五六百 初中生 适龄 学童 ， 需走 六七十里 路 求学   。 记者 采访 车刚 开到 现场 , 村民 就 跪倒 一片 — — 村民 已经 坚持 四天 了 。 多 转发 一次 就 多份 希望 [ 爱心 传递 ] via @ 丰乳 肥 臀 v"
1,中国 云南 双柏县 鄂家镇 彝族 传统 文化 的 庆典 节日 ， 时间 为 每年 阴历 的 7 月 14 - 16 三天 ， “ 摸 奶节 ” 期间 男人 以摸 到 奶为 吉祥 ， 女子 们 以 被 摸 奶为 吉利 。 节日 起源于 隋朝 年间 。 在 这 三天 内 是 男人 就 高兴 地摸 ， 是 女人 就要 愉快 地 接受 被 摸 。 是 真是假 ？ ！ 转发 ！ 评论 ！ ！ 求 考证 ！ ！ 进入 高清 大图 > > > http : / / t . cn / zlpDKHb
0,【 晚安 】 世上 没有 一件 工作 不 辛苦 ， 没有 一处 人事 不 复杂 。 如果 命中注定 是 打工 ， 便 打 好 它 。 别 把 青春 葬送 ， 你 在家 跷 二郎腿 ， 青春 也 一样 葬送 ， 光阴 不会 过得 慢点 。 有些 人 是 不必 工作 的 ， 但 那 不是 你 ， 反正 都 要 做 了 ， 何不 快乐 一点 去 做 ？ — — 李碧华
0,# 夜视 点 # 【 白岩松 哈工大 演讲 ： 看书 就是 看 自己 】 看书 ， 是 在 书 中 寻找 自己 。 有书 在 ， 永远 踏实 。 http : / / t . cn / R4AQm5M
1,周克华 已经 在 歌乐山 脚下 被捕 ， 自杀 未 成 ， 大腿 被 特警 打伤 。 被捕 时候 藏 在 一 溪水 的 水草 深处 ， 一年 经 的 特警 发现 了 其中 的 一只 脚掌 ， 顺而 激战 捕获 。 http : / / t . cn / zWldazc
0,【 女子 街头 持刀 砍 人   被 交警 一脚 踢飞 [ good ] 】 前 几天 ， 广西 桂林 街头 ， 一名 女子 持刀 砍 人 ， 一名 女 交通 协管员 差点 被 砍伤 。 随后 又 冲向 一名 交警 。 交警 一脚 将 刀 踢飞 ， 随后 将 其 制服 ！ [ 赞 ]   @ 平安 北京     http : / / t . cn / RUWvNBZ
0,【 45 岁 婆婆 怕 儿子 孤单 欲 生二胎   怀孕 儿媳 吓 蒙 】 王女士 回忆 ， 前两天 婆婆 说起 二孩 放开 的 话题 。 王女士 心想 ， 自己 刚刚 怀上 第一胎 ， 至少 要 等 一 胎生 完 再说 。 可 婆婆 突然 说 儿子 挺 孤单 ， “ 趁 我 现在 还 能生 ， 赶紧 生 一个 ” 。 王女士 顿时 蒙 了 ， 老公 20 多 了 ， 婆婆 再生 个 孩子 该 怎么 称呼 … … http : / / t . cn / RUW6IcT 扬子晚报
0,# 猫咪 老师 #   爱 喝酒 ， 爱 蹭 吃 。 爱 胡乱 唱歌 、 也 爱整 蛊 。 爱 交际 ， 更爱 卖萌 。 爱 和 贵志 拌嘴 ， 关键时刻 也 爱 变身 保护 他 。 我 不是 妖怪 ， 更 不是 保护神 ， 我 就是 我 ， 我 是 猫咪 老师 ！ 有人 喜欢 我 吗 ？
0,许久 不 联系 的 人 ， 不用 再 联系 。 各自 辛苦 ， 各自 生活 ， 也 再 无 交集 ， 该 停留 在 过去 的 ， 就让 它 停留 在 过去 。 如果 有缘 ， 会 再见 。 若 无缘 ， 不如 不见 。 就是 这样 。
0,JFC 的 VTR ， 內容 是 年末 控 ， DB ， 豆芽 的 告知 ， 時間 比 較 短 。 最初 光一 先生 比剛 先生 高半個 頭有 驚到 XD   兩人 還是 和 以往 一樣 一邊 說 一邊 撞 來 撞 去 。
0,【 新浪 发布 全 媒体 影响力 排行榜 】 排行榜 综合 微博 、 博客 以及 公众 号 数据 ， 打造 了 一个 横跨 全网 多屏 的 综合 影响力 榜单 ， 统计 周期 分为 周榜 和 月 榜 。 除 总榜外 ， 还 包括 九个 按照 垂直 领域 进行 分类 的 子 榜单 。 今后 ， 这一 排行榜 将 是 新浪 “ Z 计划 ” 中 评估 自 媒体 影响力 的 重要依据 之一 。 http : / / t . cn / RUe6VAF
1,【 泰国 免签 】 中 泰 外长 上周 会面 ， 探讨 互免 签证 问题 。 新闻 ： http : / / t . cn / zQpvDvu   中新网 ： 泰国 与 中国 磋商 将 于 今年 9 月 起 两国 游客 互免 旅游 签证 http : / / t . cn / zQNnRXP   希望 每年 可 吸引 500 万 中国 游客 ， 之前 中国 影片 “ 泰 囧 ” 带动 了 中国 人游 泰国 热 。 泰国 国家 新闻局 发文 证实 了 两国 即将 放松 签证 要求 的 新闻 （ 如图 2 ）
0,【 科 指导 临场 指挥   德帅情 何以堪 】 今晚 比赛 第二节 暂停 时间 ， 湖人 落后 雷霆 。 德 安东尼 拿 起 战术 板 准备 布置 战术 ， 但 令人吃惊 的 是 ， 科比 一声 号令 ， 全队 都 围坐在 黑曼巴 面前 。 结束 暂停 ， 科比 结束 训话 ， 面对 科比 的 僭 越 ， 德 安东尼 只能 满脸 尴尬 ， 神情 落寞 的 坐在 椅子 上 。 http : / / t . cn / 8k6dozu
0,【 英 学者 ： 葡萄干 能 预测 孩子 未来 是否 聪明 】 英 学者 称 ， 把 葡萄干 放 杯子 下 ， 告诫 孩子 不要 吃 。 坚持 1 分钟 不吃 的 孩子 比 坚持 不住 的 长大 后 可能 要 更 出息 。 控制能力 好 ， 8 岁 时 就 能 更好 控制 注意力 ， 学习 也 更好 。 孩子 的 胎龄 越短 ， 控制能力 就 越弱 ， 8 岁 时 学习 相对 差 。 （ 中国日报 网 ） http : / / t . cn / RUuxfKC 你 咋 看 ？
1,【 震惊 ： 婴儿 被害案 另有隐情 】 周喜军 儿子 周磊 为 真凶 ， 周磊 平日 游手好闲 ， 江湖 称号 经开 三哥 。 警察 在 带 周喜军 指认 现场 时 发现 可疑 ， 确认 是 父亲 替儿 顶罪 自首 ， 今日 周磊 已 归案 。 传因 婴儿 父亲 与其 女友 有染 ， 遂 劫车 杀人 报复 。 图为 周磊 、 周喜军 及 被盗 车 监控 照片 ， 大家 看看 到底 是 老子 在 开车 还是 儿子 在 开车 @ 未艾
0,【 马里 首都 巴马科 一 酒店 内 170 人遭 两名 歹徒 劫持 】 据 法新社 ， “ 圣战 ” 分子 在 马利 首都 巴马科 市中心 丽笙 大酒店 内 开枪 滥射 ， 包括 客人 和 员工 在内 的 170 人 被 两名 歹徒 劫持 ， 其中 客人 140 人 ， 酒店 员工 30 人 。 俄新社 称 ， 至少 有 5 人 在 袭击 中 死亡 。 英国 “ 天空 新闻 ” 称 ， 至少 有 10 名 枪手 被 认为 参与 了 此次 劫持人质 事件 。
0,60 岁 的 摄影师 Keren   Su 在 加拿大 东部 发现 了 这 只 格陵兰 海豹 ， “ 我 必须 趴在 冰上 给 它 照相 ， 不然 人类 这么 大 的 体格 可能 会 吓 着 它 。 每日 和 海豹 相处 的 时间 很 有限 ， 我 必须 让 它们 熟悉 我 身上 的 气味 ， 然后 才能 靠近 ， 这 一切 非常 值得 ， 一旦 海豹 放松 下来 ， 它 就 会 以 最 可爱 的 方式 呈现 在 你 面前 。 ”
0,【 关于 搜狐 视频 最新消息 】 搜狐 今日 正式 公布 搜狐 视频 整体 人事 任命 。 搜狐 娱乐 副总裁 邓晔 被 正式 任命 为 搜狐 视频 CEO ， 凤凰卫视 前 执行 台长 @ 刘春   为 COO ， 搜狐 销售 总监 崔 莉莉 为 市场 负责人 ， 原 主编 于涛 晋升为 总监 。 搜狐 视频 IPO 消息 将 很快 揭晓 。 写 新闻 的 记者 们 ， 记得 加上 桔子 酒店 市场总监 微博 透露 啊 。
1,凌晨 2 点 43 分 美军 驻扎 在 泰国 乌塔堡 军事基地 曾 监听 到 一段 马来西亚 航空公司 MH370 航班 紧急 呼叫 的 SOS 信号 ， 客机 驾驶员 呼叫 称 机舱 面临 解体 ， 他们 要 迫降 。 目前 驻泰 美军 已 向 马来西亚 方面 提供 这 段 信号 。
0,据 @ 首都机场   ， 受 雨雪 天气 影响 ， 目前 机场 周边 高速 封路 ， 导致 省际 巴士 所有 线路 无车 。 机场 巴士 市内 方向 及 出租车 均 运行 正常 。 为了 您 的 顺利 出行 ， 请 尽量 乘坐 公共交通 前往 首都机场 。
1,路透社 9 月 11 日 13 : 06 分 短讯 ： 中国 东海舰队 徐州 号 护卫舰 和 一艘 宋级 柴电 常规 动力 潜艇 以及 两艘 海监 船 在 钓鱼岛 海域 与 日本 金刚 号 、 足 柄 号 宙斯 盾级 驱逐舰 和 白 根号 护卫舰 发生冲突 。 双方 互相 开火 射击 ， 并 动用 了 舰舰 导弹 ， 冲突 持续 45 分钟 。   ​
0,# 晚安 #   永远 不要 忘记 进修 学问 ， 拓阔 胸襟 。 人生 的 烦恼 会 追随 你 ， 但是 学识 涵养 可以 使 一个 人 理智 冷静 地 分析 处理 这些 难题 。
0,收工 到家 了 。 亲爱 的 宝们 。 虽然 两个 人才 吧 这些 礼物 拎 上楼 。 但是 心里 可美 [ 哈哈 ] 感恩 你们 。 谢谢你们 。
1,# 三星 赔 了 苹果 100W ， 不过 都 是 5 美分 的 硬币 … 30 卡车 … # 今天上午 30 辆 装满 5 美分 硬币 的 的 卡车 停 在 了 加利福尼亚州 的 苹果公司 的 总部 。 最初 ， 公司 的 安保 部门 以为 是 转移 错 了 地方 ， 但是 在 数分钟 之后 ， 蒂姆 · 库克 收到 一个 来自 三星 CEO 的 电话 ， 电话 中 解释 道 这 就是 他们 将要 支付 给 美国苹果公司 的 10 亿美元 的 罚款 。
1,【 请 记住 ： 轮奸 要 第一个 上 ！ 】 李 双江 之子 李 天一 涉嫌 强奸罪 被 批捕 。 李 的 76 人 律师团 领队 、 法律 大学 副校长 张 爱国 教授 对 媒体 表示 ， 李 天一 因是 第一个 与 被害 女子 发生 关系 ， 所以 不 构成 轮奸 罪 ， 只是 以 判罚 较轻 的 强奸罪 批捕 ， 这是 律师团 所有 成员 共同努力 的 结果 。 记住 啊 ， 轮奸 要 第一个 上 ！
0,随视 传媒 COO 薛晨 @ Cindy _ Xue   在 新浪 微博 发表 的 遭易 传媒 恐吓 一文 ， 纯属 诽谤 。 我们 强烈要求 薛晨 在 今日 内 公开 道歉 ， 否则 一切 相关 法律 后果自负 。
0,【 长兄 如父   11 岁 哥哥 背 6 岁 脑瘫 妹妹 上学 [ 心 ] 】 拿过 书包 挎 好 ， 蹲下 身将 妹妹 轻轻 背 起 ， 奔波 上路 … 河南 商丘 11 岁 的 男孩 李渊 ， 背着 患 脑瘫 的 妹妹 上下学 ， 已 坚持 两个 月 。 爸妈 打工 ， 爷奶 年迈 ， 他 稚嫩 的 肩膀 担负 着 妹妹 的 渴望 。 网友 ： 他 也 只是 个 孩子 ， 太 难得 了 ！ 你 会 为 “ 商丘 好 哥哥 ” 点赞 吗 ？ http : / / t . cn / RUemdIY
1,【 无惧 跨省 ！ 愤然 转帖 ！ 】 河南 洛阳 市委书记 侄子 砍死 人 ， 判三缓 三 ， 老人 北京 上访 被 抓 ， 黑 监狱 20 年 受尽 虐待 。 20 年 当中 家人 不知 所踪 ， 老人 侄子 在 郑州 沿街乞讨 四处 寻人 。 官官相护 ， 搞 得 老人 家破人亡 。 老妇人 被 逼 绝境 ， 拦住 法 警车 ， 裸体 喊冤 求 关注 。 这 究竟 是 个 法治 社会 ， 还是 丛林 社会 ？ 弱势群体 怎么 活 ？
0,【 江苏 老汉 捐 新石器 时代 文物   父辈 耕田 捡 来 的 ！ 】 江苏 宿迁 62 岁 的 林兰松 老人 ， 家里 有块 石头 ， 是 上 一辈 耕田 时 偶尔 捡 到 的 。 最近 ， 林 老汉 把 石头 拿给 考古 工地 的 专家 瞧 ， 没想到 小小 顽石 竟是 距今 至少 4000 年 的 石 锛 ， 属 新石器 时期 文物 。 林 老汉 决定 将 它 无偿 送给 宿迁市 博物馆 收藏 。 为林 老汉 点赞 ！   （ 央视 记者 吴睿 ）
0,"【 大学 设 恋爱 课   学 撒娇 、 拿 学分 】 河南 郑州 师范学院 开设 选修课 "" 爱情 心理学 "" ， 课程内容 包括 随机 配对 模拟 “ 表白 ” 、 学 "" 撒娇 "" 、 “ 被 拒绝 ” 等 。 校方 称 不是 鼓励 学生 恋爱 ， 而是 想教 他们 懂 "" 爱 "" 。 选修 课程 学生 能 拿 学分 ， 有人 上课 后 成功 “ 脱单 ” ， 也 有人 选择 分手 。 http : / / t . cn / RUWOJHn 你 想 上 这门 “ 恋爱 课 ” 吗 ？"
0,小米 4c 发布 一个多月 ， 口碑 非常 好 。 今天 双 11 我们 准备 了 充足 货源 ， 特别 是 很多 人要 的 高配 3GB + 32GB ， 五种 颜色 都 有 货 。 大家 可以 上 小米 天猫 旗舰店 看看 。 @ 小米 手机
1,再 爆 【 河南 许昌 房屋 遭 强拆   20 岁 少女 讨说法 被 扒 光 上衣 受辱 】   河南 许昌市 东城区 “ 恒达 · 名门 尚居 ” 强拆 现场 ， 禽兽 拆迁 人员 扒 掉 戚小芳 （ 22 岁 ） 的 上衣 羞辱 。 记者 连线 打人者 ， 打人者 称 ： “ 我以 一个 共产党员 保证 ， 没有 打 她 。 ” 戚小芳 报案 ， 警方 也 不 给 任何 说法 。
0,投票 ： 亚洲 男神   http : / / t . cn / 8FIvV05   。 电脑 每 半小时 可以 投票 一次 ； 或断 网 再次 连接 网络 后 即可 再 投 。 目前 世勋 的 票数 不是 十分 理想 ， 有 时间 的 勋饭们 可以 动 动鼠标 ^ ^ 带 张图 引起 注意 ~
1,【 哈尔滨 垮塌 大桥 施工方 称 填充 泡沫 系 正常 做法 】 在 垮塌 的 桥梁 体内 ， 充塞着 鹅卵石 、 木棍 和 编织袋 的 混合物 ， 钢筋 是 铺 在 箱梁 内 的 ， 并 没有 看到 捆扎 的 情形 。 对此 ， 该桥 施工方 福建 交建 集团 称 ， 所谓 “ 编织袋 ” 应指 无纺布 ， 在 桥梁 伸缩缝 中 用 无纺布 和 泡沫 等 是 正常 做法 ， 对 “ 建筑 质量 有 信心 ” 。 艹 ， 一起 说 脏话 吧 ！
0,# 涨 姿势 # 【 实用 帖 ！ 瓷砖 这样 铺 ， 竟 可 放大 空间 [ 推荐 ] 】 ① 客厅 、 玄关 、 卧室 ： 一般 选 600mm × 600mm 规格 。 ② 客厅 ： 小于 30 平方米 的 ， 应选 600mm × 600mm ； 大于 50 平方米 的 ， 可选 1000mm × 1000mm 。 ③ 小 面积 厨卫 间 ： 应选 边长 为 300 - 400mm 。 ④ 用 砖量 = 房间 面积 ÷ 每块 瓷砖 面积 × （ 1 + 5 % 损耗量 ） 。 详细 ↓ 转发 收藏 ！ @ 央视 财经
0,有些 压力 总是   得 自己 扛过去 ， 说 出来 就 成 了 充满   负 能量 的 抱怨 。 寻求 安慰   也 无济于事 ， 还 徒增 了   别人 的 烦恼 。 而 当 你   独自 走过 艰难险阻 ， 一定 会 感激   当初 一声不吭 咬牙 坚持 着 的 自己 。
0,【 深圳 告别 “ 以药 养医 ” 】 今日 起 ， 深圳市 所有 公立医院 医保 目录 药品 15 % - 25 % 加成 全部 取消 ， 医院 药房 卖药 “ 零 利润 ” ， 门诊患者 可以 自行 到 药店 购药 。 深圳 成为 全国 首个 全面 启动 医药 分开 改革 的 城市 ， 率先 迈出 从 制度 上 遏制 医疗 腐败 、 打破 “ 以药 养医 ” 怪圈 的 一大步 。   新华社 记者 梁旭   摄
0,【 人 社部 ： 65 岁 退休 是 媒体 误读 和 炒作 】   人 社部 相关 人士 表示 ， 几年 前 ， 部里 的 社会保障 研究所 就 接到 了 关于 退休 问题 的 课题 。 目前 ， 人 社部 关于 延迟 退休 的 研究 重点 ， 主要 置于 阶梯式 退休 方面 。 对于 65 岁 退休年龄 的 说法 ， 参与 退休年龄 研究 的 人社 部下 属 机构 否认 了 这 一 说法 ， “ 这是 外界 的 误读 。 ” （ 扬子晚报 ）
0,堂内 。 探子 来报 ， 苍老 师 is   coming ！ 众人 眉动 ， 嬉笑 如故 ； 探子 又   报 ， 钓鱼岛 is   going ！ 众人 震怒 。 少顷 ， 探子 奔入 ， 慌不择 言   ， 红 纨 雪菊 is 少 ing ！ ！ ！ “ 来 人 ， 上 切糕 ！ ！ ！ ”
0,好多 人 说 巨蟹 分手 的 很 无情 ， 但 有 谁 知道 ， 当 巨蟹 断绝来往 的 时候 ， 已经 准备 了 多长时间 ， 你 给 他们 的 伤害 太多 了 。 巨蟹 也 是 人 ， 不是 冷血动物 ， 如果 巨蟹 主动 跟 你 分手 ， 爱着 巨蟹 的 人 应该 好好 想想 ， 你 把 巨蟹 伤 的 有多深 。 其实 巨蟹 很 包容 ， 甚至 爱 你 的 时候 连 自己 的 性格 都 愿意 为 对方 改变 ， 这 只有 爱过 的 巨蟹 的 才 知道
1,今天 2013 年 5 月 17 日 早上 区伯 路过 豪 贤路 肉 菜市场 门口 ， 看到 一辆 警车 前后 号牌 都 用 “ 武警 特勤 ” 牌子 遮盖住 。 警车 也 遮挡 车牌 ？ 于是 区伯 上前 质问 司机 ， 再 细看 ， 原来 是 一辆 公车 假冒 “ 武警 特勤 ” 车 。 司机 是 中国银行 领导 张振龙 ， 被 遮盖 的 原 车牌 粤 A06888 ， 于是 区伯 马上 报警 ， 广东 电视台 也 到场 采访 。
1,【 这 事 ， 你 怎么 看 ？ 】 3 月 25 日晚 ， 杭州 四季青 附近 ， 一个 姑娘 被 一个 男人 拖进 树丛 。 男人 抢过 她 的 拎包 ， 翻 了 半天 ， 只 翻出 一只 杂牌 手机 和 12 元 钱 。 “ 你 怎么 这么 穷 ？ ” 男人 一脸 同情 ， 然后 拍拍 她 肩膀 ， 豪气 地说 ： “ 你 在 这里 等 我 ， 我 去 抢点 钱 给 你 打车 回家 ！ ” … …
1,【 央视 是 美国 的 央视 】 4 月 14 日 湖北 襄阳 一景 城市 花园酒店 大火 14 人 遇难 ， 47 人 受伤 。 最小 遇难者 仅仅 5 岁 ， 如同 人间 炼狱 。 第一 时间 央视 保持 了 沉默 ， 第二 时间 领导 保持 了 沉默 ， 第三 时间 波士顿 恐怖袭击 他们 马上 高潮 了 ！ 一个 漠视 民众 生命 的 媒体 必将 被 唾弃 ， 让 他们 继续 坚持 特色 亢奋 和 沉默 吧 ， 我们 来 纪念 同胞 。 转 。
1,【 菜市场 活蹦乱跳 的 鱼 】 去 买 鱼 ， 结果 看到 惊人 一幕 ， 摊贩 往 水盆 内 加入 一种 白色 粉未 ， 迅速 用手 搅拌 ， 一会 功夫 白色 粉未 溶解 ， 将 半死不活 的 鱼虾 倒入 其中 ， 一会儿 就 活蹦乱跳 开 ， 仿佛 刚 从 河中捕 回来 的 。 这是 一种 能够 致癌 的 催化剂 ， 俗称 鱼 浮灵 ， 对 智力 也 有 影响 。 相互 转告 一下 ！
0,【 邓深 ： 如果 地球 上 再 找 不到 想 去 的 地方 ， 我会 搬 到 火星 去 】 9 年 的 环球旅行 花 了 30 万 人民币 ， 全部 是 邓深 自己 挣 的 钱 。 选择 搭便车 和 做 沙发 客来 节省 费用 ， 没钱 了 就 继续 打工 存钱 ， 她 做 餐厅 服务员 、 导游 、 翻译 、 卖玛 咖 、 写 游记 供稿 … … 如今 ， 邓深 再次 准备 启程 完成 自己 亚非拉 30 国游 的 梦想 。
1,"3 月 27 号 ， 河南 洛阳市 一 女子 宋丽 因为 太漂亮 ， 在 被 强奸 时 ， 不 主动 配合 强奸 , 导致 强奸 者 生殖器官 折断 ， 因 失血过多 而 身亡 。 昨日 洛阳市 洛龙区 法院 审结 此案 ， 判决 该 女子 构成 过失 致死 罪 ， 缓刑 3 年 ， 并 赔偿 被害人 江某 家属 经济损失 8.8 万元 。   不 配合 强奸 致死案 — — 以后 一定 要 配合 ！ - 法律界   http : / / t . cn / hH4QC"
0,# 热点 # 【 北京 新 机场 征地 拆迁 记 : 政府 破 抢盖风 奖励 不 盖房 者 】 去年底 ， 北京 新 机场 奠基仪式 启动 。 为 赶上 拆迁 这趟 车 走上 致富路 ， 从 2008 年 开始 ， 陆续 就 有 村名 开始 抢盖 房屋 ， 更有甚者 借钱 盖房 。 对此 ， 当地政府 决定 对 不 盖房 者 给予 多于 拆迁 利润 的 奖励 ， 做到 政府 不多花 ， 百姓 不少 得 。 详情 ： http : / / t . cn / R4ZyeYL
1,【 上海 公安局长 涉 杀人 嫌疑 包 多名 情妇 】 上海市 金山区 公安局长 马 淮海 的 情妇 举报 ： 马在 公安系统 工作 20 多年 ， 以 “ 捞 人 ” 与 “ 减刑 ” 等 手法 为 自己 攫取 巨额 财富 ， 受贿 20 多亿 ， 拥有 房产 60 多处 。 今年 5 月 又 与 人 合伙 谋杀 知情人 ， 并 制造 假象 。 同时 ， 包养 十几名 美貌 女子 ， 并 送 高档 住房 与 名车 。 http : / / t . cn / 8kNU7k4
0,# 丽水 山体 滑坡 # 【 浙江 丽水 发生 山体 滑坡   7 人 被 救出 后 4 人不治 身亡 】 昨晚 ， 丽水 莲都区 雅溪 镇里 东村 发生 山体 滑坡 ， 山体 滑坡 一直 延伸 到 高速 路边 ， 近 二十 栋 房屋 被 埋 。 截至 目前 ， 已有 7 名 村民 被 救出 ， 并 送往 医院 救治 ， 其中 4 人因 抢救无效 死亡 。 据 初步统计 ， 仍 有 20 多名 村民 下落不明 ， 正在 全力 搜救 。 @ 央视 新闻
0,【 12 岁 少年 愿捐 全部 器官 将 爱 延续 [ 心 ] 】 12 岁 的 张思成 患有 脑干 胶质瘤 ， 生命 或 仅剩 两个 月 。 母亲 张细花 得知 捐献 器官 与 遗体 可 助人 ， 告诉 了 张思成 ： “ 你 病成 这 样子 了 ， 假如 有 一天 你 要死 了 ， 你 愿意 不 愿意 捐出 自己 帮助 别的 小朋友 ？ ” 病情恶化 的 他 已 不能 说话 ， 只是 点点头 ， 与 父母 共同 做 了 这个 决定 。 via 新华社
1,1939 年 民国 教育部 决定 以 教育家 孔子 诞辰 9 月 28 日为 教师节 。 现 联合国教科文组织 的 世界 教师节 、 美国 加州 教师节 、 马来西亚 教师节 及 中国台湾 和 香港 教师节 ， 都 定 在 孔子 诞辰日 9 月 28 日 。 1985 年 第六届 全国人大常委会 第九次 会议 定 每年 9 月 10 日为 中国 教师节 。 为什么 政策 制定者 总 要 逆势 而行 ？   http : / / t . cn / zWFozwc
0,【 抹布 挡 号牌   驾照 被 吊销 [ 黑线 ] 】 近日 宁夏 银川 交警 执勤 时 发现 ， 一辆 小轿车 的 前后 号牌 都 被 抹布 完全 遮挡 。 车主 这么 做 的 原因 ， 竟是 为 躲避 90 秒 违停 抓拍 ， 结果 被扣 12 分 。 该车 主 4 个 多月 前刚 拿到 驾照 ， 根据 相关 规定 ， 实习期 内 一次性 被 扣满 12 分 的 ， 吊销 驾照 。 网友 ： 还是 用 抹布 擦擦 车 吧 [ 笑 cry ] ( 央视 记者 许国 飞 )
0,两个 人 在 一起 能 做 最 多 的 事 ， 就是 陪伴 。 我 干 我 的 ， 你 干 你 的 ， 有 两三个 小时 的 晚间 黄金时间 ， 他们 都 是 独享 的 。 但 你 知道 一个 空间 里 有 另 一个 人 坐在 那儿 ， 你 就 感到 很 踏实 。 这 就是 爱情 ， 最 常态 的 爱情 。
1,「 旧帖 新读 」 ＂ 城管 ， 谁 让 你 这么 干 的 ？ ＂ ！ （ @ 倪方 六 ） 日前 惠州 城管 在 执法 时 把 女贩 的 裤子 扒 下 （ 见图 ） ， 据说 打至 昏迷 。 对 与 小贩 的 冲突 ， 城管 对 媒体 解释 ， 女贩 拿 剪刀 刺伤 城管 。 那么 多 男人 对付 一个 女人 ， 人家 不刺 你 才 怪 呢 。
1,【 政协委员 提议 恢复 大清 王朝 】   康熙 十 世孙 、 广州 政协委员 金复 新 表示 ， 他 准备 走遍 中国 收集 100 万人 签名 ， 向 全国人大 请愿 ， 在 中国 恢复 君主制 。 恢复 清 皇室 ， 并 打算 给 20 多个 仍 保留 君主制 的 国家 写信 寻求 支持 。 为 彰显 龙裔 身份 ， 其 日常用品 、 服装 更是 非 黄色 不选 ， 并 日夜 盼望 能住 进 故宫 。
0,失去 过 许多 朋友 ， 因为 我 不善 言谈 ， 许久 没 联系 他们 ， 于是 他们 渐渐 有 了 新 朋友 ， 把 我 遗忘 ， 从此 再 无 交集   。 请 不要 觉得 我 冷漠 孤傲 ， 不要 觉得 我 喜新厌旧   ， 我 只是 怕 一 开口 ， 就 变成 了 令人 心酸 的 客套 ， 但 却 依旧 相信 着 ， 那时 的 我们 ， 都 是 彼此 生命 里 的 一道 光线 ， 如果 有 一天 我们 变 陌生 了 ， 就让 我们 重新认识 一遍 。
1,曾经 震惊 一时 的 猪 人 ！ ！ ！ 据说 现在 还 活着 。 。 。   http : / / t . cn / zYGzGRK         [ 威武 ] 发生 在 世界各地 的 震惊 事件 ！ 颠覆 你 的 三观 ！ ！ 欢迎 关注 ！ ！ @ 只 为 震惊 你
0,从 回归 到 现在 ， 李 超人 不 接受 香港媒体 专访 ， 除了 港台 “ 杰出 华人 系列 ” ， 外媒 也 就是 06 年 福布斯 ， 所以 每年 长实 和 黄 公布 业绩 的 记者会 ， 场面 热闹 。 这次 主动 挑选 南方 报系 尽诉 心中 情 ， 港媒 周三 就 透露 ， 由 红颜 知己 精心 挑选 ， 采访 全程 监场 。 今天 一家 港媒 的 标题 ： “ 政治 消毒 ” ， 目标 听众 显然 不 在 香港 。
0,Google 公布 了 一段 新 的 Google   Glass 视频 ， 看 完 让 人 对 这款 尚未 面世 的 产品 无比 期待 。 片中 展示 了 各种 适用 Google   Glass 的 场景 ， 录 下 骑马 、 打 乒乓 、 剑道 、 耍 杂技 的 实况 ？ 没 问题 。 滑雪 、 骑车 、 开车 不 认识 路 ？ 都 能 导航 。 随时 拍照 录像 发邮件 短信 。 大家 自己 感受一下 Glass 的 强大 吧 ~ ~ Ok   Glass   http : / / t . cn / zY9qA2U
0,【 亚洲 最 贵 城市 上海 第 1 北京 第 2 [ 拜拜 ] 】 英媒称 ， 某 人力资源 咨询机构 的 生活 成本 调查 显示 ， 亚太地区 外派 人员 生活 成本 最高 的 20 个 城市 中 ， 中国 占 11 个 。 因 人民币 升值 ， 上海 跃居 亚洲 最 贵 城市 头名 ， 北京 从 第 4 名 升至 第 2 ， 广州 从 第 13 名 升至 第 6 。 全球 外派 人员 生活 成本 最高 的 30 个 城市 中 ， 中国 城市 占 比 也 是 最高 的 。
0,"【 悲剧 ！ 探视 时 ， 儿子 拔掉 了 重病 母亲 的 呼吸 管 … 】 10 月 31 日 ， 眉山市 的 朱素芬 因 交通事故 受 重伤 ， 送入 重症 监护室 抢救 。 11 月 2 日 ， 朱素芬 儿子 郑 某某 去 医院 探视 时 ， 拔掉 了 母亲 的 呼吸 管 ， 母亲 不久 后 去世 。 警方 因涉嫌 故意 杀人 对 郑 某某 采取 强制措施 ， 儿子 说 自己 负债累累 ， "" 确实 是 没有 办法 了 。 "" [ 伤心 ] ( 成都 商报 )"
0,【 经典语录 】 1 、 说 出来 会 被 嘲笑 的 梦想 ， 才 有 实践 的 价值 。 2 、 解释 永远 是 多余 的 ， 因为 懂 你 的 人 不 需要 它 ， 不 懂 你 的 人 更 不 需要 它 。 3 、 精神 不 正常 的 人 ， 就是 那些 企图 使 现实 世界 适应 自己 头脑 里 想法 的 人 。 4 、 真正 的 勇敢 包括 两个 方面 ： 一是 迎战 不 应该 害怕 的 ， 二是 害怕 应该 害怕 的 。
0,【 已有 21 人 遇难   仍 有 1 人 失踪 】 黑龙江 龙煤 集团 鸡西 公司 杏花 煤矿 火灾事故 发生 时间 为 昨晚 21 点 50 分 。 据 鸡西市 政府 和 黑龙江 龙煤 集团 报告 ， 截至 今天 10 点 40 分 ， 已 发现 21 名 遇难者 遗体 ， 正 全力 搜救 剩余 一名 失踪 人员 。 火区 已 得到 有效 控制 ， 无 次生 灾害 发生 。 （ 央视 记者 于 文波 ）
0,# 知政 # 【 李克强 与 泰国 总理 互致 贺信   祝贺 中 泰 铁路 启动 】 今天 ， 中 泰 铁路 项目 启动 仪式 在 泰国 大 城府 举行 ， 李克强 与 泰国 总理 巴育 互致 贺信 ， 祝贺 中 泰 铁路 正式 启动 。 李克强 表示 ， 希望 双方 再接再厉 ， 确保 铁路 合作项目 顺利 实施 ， 为 连接 中国 、 老挝 、 泰国 的 “ 大动脉 ” 早日 贯通 打下 坚实基础 。 http : / / t . cn / R4Uz8YE
0,【 不 知道 你 信不信 ！ 】 ： 下面 的 名字 中 ， 肯定 有 你 曾经 的 同学 或 朋友 。 1 . 张伟   2 . 王伟   3 . 王芳   4 . 李娜   5 . 刘伟   6 . 张敏   7 . 李静   8 ． 张丽   9 . 王静   10 . 王丽   11 . 李强   12 . 张静   13 . 李敏   14 . 王敏   15 . 王磊   16 . 王勇   17 . 王艳   18 . 张磊   19   . 黄东   20 . 刘东   21 . 刘洋 。
0,碱性 电池 的 阳极 是 锌 阳极 ， 含有 锌粉 的 凝胶 状物质 。 电池 肚子 里装 着 凝胶 状物质 ， 意味着 它 下落 时 吸收 冲击 的 性能 更好 ， 不 容易 弹 起来 。 随着 电池 放电 ， 锌 反应 生成 氧化锌 ， 电池 的 内部结构 跟着 变化 — — 锌 阳极 变成 了 更 致密 的 固体 ， 旧 电池 就 更 容易 弹 起来 了 。
0,【 中国 大妈 欲用 陪 睡 换 女儿 通关   被 美 国安局 拘捕 】 中国 55 岁 妇人 杨红 与 在 美 留学 的 女儿 乘 搭 法航 从 法国巴黎 飞抵 纽约 肯尼迪 国际 机场 时 ， 涉嫌 向 关员 提出 性贿赂 ， 好 让 携带 共值 16 万美元 （ 约合 103 万元 人民币 ） 未 申报 物品 的 女儿 成功 过关 。 杨红 目前 被 美国国家安全局 特工 以 海关 欺诈 罪 拘捕 。 http : / / t . cn / R472zLl
0,往往 当 一个 人 说 ： “ 不是 我 吹牛 ” ， 这句 话 的 时候 ， 他 就 开始 要 吹牛 了 。 往往 当 一个 人 说 ： “ 不是 我 打击 你 ” ， 这句 话 的 时候 ， 他 就 开始 要 打击 你 了 。 往往 当 一个 人 说 ： “ 不是 我 批评 你 ” 这句 话 的 时候 ， 他 就要 开始 批评 你 了 。 往往 卖东西 的 人 说 ： “ 不是 我 骗 你 ” 这句 话 时 ， 他 就要 开始 骗 你 了 ~ 转
1,心理学家 认为 ， 每天 凝望 帅哥 10 分钟 ， 健身 效果 相当于 做 30 分钟 有氧 运动 ， 持之以恒 ， 平均寿命 可延长 四五年 。 。 。
0,失望 ： 图中 是 广东 民政厅 官员 王先胜 ， 他 讲 了 个 村子 的 选举 事情 ： 以 村支书 为首 的 选举 班子 落选 后 ， 拒 不 交权 ， 并 要求 与 村子 合作 的 企业 ， 把款 打到 支书 帐 上 。 央视 来 采访 ， 问王 先胜 ： 钱 到底 应该 打 给 谁 ？ 王先胜 说 ： 当然 是 打 给 村委 ， 党支部 不能 收取 党费 之外 的 其它 费用 。 结果 这句 话 惹火 了 领导 ， 王先胜 说 他 很 失望 。
0,【 《 红高粱 》 旧照 巩俐 清纯   姜文 光膀子 】 近日 作家 莫言 有望 夺 诺贝尔文学奖 的 新闻 成为 焦点 ， 而 由 他 编剧 的 电影 《 红高粱 》 的 一张 旧照 也 再 被 翻出 。 照片 中 集齐 了 片中 主演 姜文 、 巩俐 ， 导演 张艺谋 及 编剧 莫言 。 三位 男士 都 光 着 膀子 狂野 亮相 ， 张艺谋 的 亮色 裤头 被 网友 大赞 时髦 。 详情 ： http : / / t . cn / zlpDQkw   （ 新娱 ）
1,【 重要 提醒 ！ 花露水 属 易燃品   涂 完别 马上 做饭 】 夏天 来 了 ， 蚊子 也 来 了 ， 需注意 的 是 ： 花露水 属 易燃品 ， 涂抹 完 之后 不要 马上 做饭 、 抽烟 等 。 花露水 的 酒精 浓度 达 70 % - 75 % ； 且 燃点 低 ， 一般 24 ℃ 就 能 燃烧 。 花露水 燃烧 有 多 可怕 ？ 看 动态图 就 知道 了 。 切记 ！ 速速 转 走
0,# 国考 加油 # 【 转发 ， 为 他们 加油 ！ [ 心 ] 】 今天 ， 国家 公务员 考试 如期而至 。 一场 考试 ， 不足以 决定 命运 ， 但 一次 机遇 ， 却 值得 全力以赴 。 调整 心态 奋力 一搏 吧 ！ 转发 艾特 @   你 身边 的 考生 ， 为 他们 祝福 、 加油 ！ [ 奥特曼 ]
0,【 促进 孩子 品行 高尚 的 8 句 话 】 1 、 品德 比分数 更 重要 。   2 、 诚实 是 做人 的 第一 美德 。   3 、 竞争 中 的 公平 最 可贵 。   4 、 凡事 都 要 问一问 自己 的 良心 。   5 、 要 学会 说 一声 ： 谢谢 。   6 、 你 知道 关心 父母 ， 这 让 我 很 开心 。   7 、 我 很 高兴 你 有 一颗 同情心 。   8 、 我 希望 你 是 个 懂 礼貌 的 孩子 。
1,她 一上 封面 ， 红会 就 傻眼 。 郭美美 终于 被 中国红十字会 逼成 了 时代 人物 ， 看来 这个 世界 已经 彻底 疯 了 。
0,# 央视 微评 # 【 恒 天然 致歉 有 多少 诚意 】 恒 天然 今天 向 消费者 道歉 ， 但 同时 又 隐瞒 一 客户 名称 。 被 污染 奶粉 事关 公共卫生 安全 ， 公共利益 与 公司 利益 ， 孰轻孰重 ？ 天平 倾向 了 私利 一边 ， 这 或许 正是 污染 事故 发生 的 内因 。 恒 天然 数月 之后 才 公布 发现 的 问题 ， 拖延 扩大 了 危害 ， 消费者 岂能 再 接受 疑云重重 的 歉意 ！
0,【 鲁冰花 原来 长 这样 [ 挤眼 ] 】 “ 夜夜 想起 妈妈 的话 ， 闪闪 的 泪光 鲁冰花 ” ， 很多 人会 唱 这 首歌 ， 可 你 见 过 鲁冰花 吗 ？ 这种 原产 北美 的 植物 首次 在 江苏 鼋头渚 景区 引种 成功 ， 5000 多株 鲁冰花 像 一座座 彩色 小 宝塔 。 鲁冰花 学名 羽扇豆 ， 它 春天 开花 ， 花期 过后 花 跟 叶 全部 回归 泥土 ， 所以 又 叫 “ 母亲 花 ” 。 （ 央视 记者 吴睿 ）
0,【 讣告 】 宇扬 评剧 苑讯 ： 中国 评剧 一代宗师 、 洪派 小生 创始人 、 评剧 非 物质 文化遗产 传承 人 、 评剧 终身 成就奖 获得者 洪影 先生 于 2012 年 6 月 14 日 晚上 8 点 30 分在 唐山 的 河北 联大 附属 医院 病逝 ， 享年 83 岁 。   家属 决定 ， 将 于 16 日 上午 在 唐山 举行 告别仪式 。
0,【 校车 秀 质量 ： 高速 撞墙   砖土 横飞   车子 良好 】 27 日 ， 郑州 举办 校车 安全 质量 监测 ： 一辆 校车 在 高速行驶 状态 下 猛力 撞 上 一面 墙 ， 顿时 砖块 横飞 ， 一地 狼藉 。 校车 除前 脸 有 部分 受损 外 ， 整体 状况良好 ， 驾驶 空间 也 未有 异物 侵入 ， 驾驶人员 可 安全 撤离 校车 。 http : / / t . cn / RUdY4tb   戳 图 ↓ 你 想 说 _____ ？
0,【 “ 国际 左撇子 日 ” 】 微软 社交 网站 MsnNow 报道 ， 8 月 13 日 是 “ 国际 左撇子 日 ” 。 为了 庆祝 这一 日子 ， 总部 设在 英国伦敦 的 “ 左撇子 俱乐部 ” 举办 了 一系列 左对 右 竞赛 、 一次 左撇子 茶会 ， 各地 的 酒馆 也 举办 了 一系列 的 庆祝 活动 。 1992 年 8 月 13 日 ， 英国 的 左撇子 团体 发起 了 “ 左撇子 日 ” 活动 ， 如今 全世界 都 庆祝 这一 节日 。
0,【 什么 颜色 在 一起 搭配 最 好看 】 1 . 红色 配 白色 、 蓝灰色 、 米色 、 灰色 。 2 . 咖啡色 配 米色 、 鹅黄 、 砖红 、 黑色 。   3 . 黄色 配 紫色 、 蓝色 、 白色 、 咖啡色 、 黑色 。 4 . 绿色 配 白色 、 米色 、 暗紫色 、 灰褐色 、 灰 棕色 。   5 . 蓝色 配 白色 、 粉 蓝色 、 金色 、 银色 、 橄榄绿 、 橙色 、 黄色 。 学习 穿衣 打扮 ~ 就 关注 @ 做 最 漂亮 的 女人 [ 心 ]
1,【 最新消息 （ 免责 声明 ： 真实性 由 大家 判断 ， 空穴来风 ， 未必 无因 ） 】 广州 抓获 的 打砸抢 罪犯 资料 公布 ： 其中 两名 带头 打砸抢 的 罪犯 是 日本 留学生 。 凭借 流利 的 中文 ， 混入 游行 人群 中 带头 造势 ， 进行 非法行为 ， 导致 一些 麻木 的 跟随者 捣乱 ， 让 我们 的 同胞 蒙受损失 。 大家 记住 这 两个 人 的 相片 ！ [ 怒 ] @ 关注 钓鱼岛 的 事件
1,这 两个 小孩 于 2012 年 8 月 2 日 下午 在 山东省 潍坊市 高密市 南湖 植物园 被 两男一女 拐走 ， 希望 网友 们 帮忙 寻找 一下 。 家里人 非常 着急 ， 特别 是 外婆 年迈 ， 心里 接受 不住 打击 已经 住院 。 希望 知情者 拨打 电话 ： 15853675498 或 110   在 此 谢谢 大家 ( 高密 的 朋友 们 转载 一下 ， 让 更 多 的 人 加入 我们 这个 行列 ) @ 依风 看雨 同学
0,【 广东 明年 全面 放开 “ 异地 高考 ” ： 需 父母 一方 在 广东 连续 交 3 年 社保 】 近日 ， 广东 教育部门 发 通知 ， 明年 起 就读 普通高中 的 外来 务工人员 随迁 子女 可 在 广东 高考 。 要求 ： ① 父母 至少 一方 在 广东 连续 交满 3 年 社保 ② 父母 一方 提供 在 广东 居住证 ③ 有 合法 住所 证明 ④ 子女 本身 在 广东 中考 并 有 完整 3 年 学籍 。 ( 央视 记者 魏星 )
1,1984 年 12 月 3 日晨 ， 印度 博帕尔 市 的 联合 碳化物 有限公司 一所 化工厂 （ PX 项目 ） 发生 氰化物 泄漏 ， 覆盖 方圆 60 公里 区域 。 大灾难 造成 了 2.5 万人 直接 致死 ， 55 万人 间接 致死 ， 另外 有 20 多万 人 永久 残废 的 人间 惨剧 。 到 现在 ， 当地 居民 仍然 要 忍受 癌症 及 胎儿 畸形 的 折磨 。 PX 悲剧 别 在 中国 上演 ， 让 PX 项目 滚 出 中国 ！
0,真正 的 遗忘 是 多年 以后 ， 不 小心 提及 你 ， 仿佛 说 着 别人 的 故事 。   [ 叶子 ] 晚安 。
1,09 - 10   宁波 妇儿 医院 今天下午 1 点 48 分 ， 一 妇女 及 一 婴儿 在 住院楼 跳楼 ， 后 抢救无效 死亡 。 具体情况 公安部门 正在 调查 。 妇女 因 小孩 病重 ， 加上 负担 不起 昂贵 的 医疗费 ， 带 着 仅 四个 月 的 宝宝 从 12 楼 跳楼 身亡 。 转 ： 自由人 重生
1,"千古奇闻   求证 @ 李 和平 律师 :   特大新闻 ： 原 温州 瓯 2010 年 9 月 29 日原 温州 瓯海 区委书记 谢再兴 杀害 情妇   已 被 执行 死刑   , 2013 年 4 月 被 执行 死刑 三年 后谢 再兴 又 被 人 发现 复活 。 那么 ， 当年 初 执行 死刑 的 是 一个 替身 了 。 中国 啊 ， 中国 啊 ！ 您 也 真的 是 太 特色 了 ！ 太 可怕 了 ！ @ 中国 奇闻   @ 长江 直播"
0,【 考古学家 发现 全新 人种 ： 距今 1.4 万年 的 # 马鹿 洞人 # [ 最右 ] 】 近日 著名 学术期刊 《 科学 公共 图书馆 － 综合 》 发表 最新 研究成果 ， 肯定 云南 马鹿 洞 遗址 存在 全新 古老 型 人类 种群 。 该 种群 生活 时期 距今 约 1.4 万年 ， 因 发现 大量 大型 鹿类 动物 与其 共生 得名 # 马鹿 洞人 #   。 # 马鹿 洞人 #   啥样 ？ 戳 复原 图 ↓ ( 央视 记者 李常明   陈政 )
1,速度 看 中央 4 台 《 今日 关注 》 ， 老胡 同志 已 下令 ， 如果 日本 有 闯入 钓鱼岛 及其 附属 岛屿 12 海里 以内 ， 中国 海军 部队 可以 立即 向 其 进行 军事 打击 。 哈哈 ， 大快人心 。
0,【 韩媒 指责 中国 延伸 万里长城 长度 有 政治 意图 】 “ 万里长城 如同 橡皮筋 一样 可以 伸缩自如 ” 。 中国 公布 最新 勘测 的 历代 长城 总长度 ， 遭 韩国 媒体 取笑 。 对于 指责 中国 勘测 有 “ 政治 意图 ” ， 社科院 专家 吕超 认为 “ 韩国 认为 高句丽 是 他们 祖先 ， 所以 勘测 长城 不 应该 包括 高句丽 ， 这种 说法 很 荒谬 。 ” http : / / t . cn / zOFNGPC
0,【 双十 一 ， 也 是 中国空军 的 生日 ！ [ good ] 】 11 月 11 日 ， 除了 流行 的 “ 光棍节 ” 、 “ 购物 节 ” ， 还是 中国空军 的 生日 。 1949 年 的 今天 ， 解放军 空军 司令部 在 北京 成立 。 66 年 建设 ， 空军 已 成为 一只 多 兵种 合成 的 战略 军种 。 今天 ， 祝 中国空军 生日快乐 ！ 转发 向 祖国 蓝天 的 忠诚 守卫者 们 致敬 ！ [ 赞 ]
0,【 哈佛 女校长 演讲 ： 在 醒 着 的 时间 里 ， 追求 你 认为 最有 意义 的 】 如果 你 不 去 尝试 做 你 喜欢 的 事 ； 如果 你 不 去 追求 你 认为 最有 意义 的 东西 ， 你 会 后悔 。 人生 之路 很长 ， 总有 时间 去 实施 备选 方案 ， 但 不要 一 开始 就 退而求其次 。 @ 伤不起 的 经济学
0,在 你 并 不 了解 一个 人 便 开始 迷恋 他 的 时候 ， 大多 是因为 长相 。 于是 ， 你 会 在 自己 迷恋 的 那 副 皮囊 下 想象 出 各种 自以为是 的 形象 。 接着 ， 又 会 沿着 自己 的 想象 一一 对证 ， 与 想象 不符 便会 失望 。 回头 想想 ， 尚 能 保持 距离 的 才 会 如痴如醉 ， 但凡 得不到 的 才 显 弥足珍贵 。 姑奶 。 [ 月亮 ]
1,日本 最贵 的 菜 居然 是 吃屎 ！ 这 道菜 名称 叫做 金粒 宴 （ 说白了 就是 吃屎 ） 。 这 是 在 日本 上层社会 所谓 的 高级 享受 ， 做法 是 挑选 女婴 。 以极 精细 的 食物 喂 大 。 到 15   16 岁 就 取 其 粪便 烹之 ！ 太 变态 了 ！
0,【 田连元 ： 你 的 不负责任 ， 带给 别人 的 是 一辈子 无法 抹平 的 伤痛 ！ [ 伤心 ] 】 2014 年 ， 著名 评书 表演艺术家 田连元 和 儿子 遭遇 车祸 ， 儿子 不幸身亡 ， 经查 肇事 司机 为 醉 驾 。 田 老师 说 ， “ 我 好好 活着 ， 告诉 更多人 酒 驾 的 危害 ， 就是 对 儿子 最好 的 告慰 。 ” [ 话筒 ] 拒绝 酒驾 ， 停止 伤害 ， 转发 承诺 ！ http : / / t . cn / RUdSYjl
